customer_id,first_name,last_name,email,phone,city,state,signup_date
1,Isaac,Bakshi,yash32@example.net,+918196001338,Kishanganj,Gujarat,2026-05-01
2,Oni,Kannan,zmall@example.org,+916542351161,Hapur,Punjab,2024-09-09
3,Caleb,Sharaf,radhakrishnanfarhan@example.net,09593103413,Nadiad,Himachal Pradesh,2025-06-30
4,Janya,Gaba,isha34@example.net,1928327648,Anantapur,Uttarakhand,2023-10-21
5,Veer,Balay,nandini41@example.org,5376724238,Bhimavaram,Maharashtra,2026-01-18
6,Mohini,Pathak,lakshitupadhyay@example.com,+910122691669,Dehri,Himachal Pradesh,2025-12-02
7,Advay,Contractor,harini14@example.com,+917048281489,Jamnagar,Kerala,2024-04-02
8,Aadi,Naik,hbahl@example.com,03039117182,Fatehpur,Nagaland,2024-04-08
9,Alka,Wable,ikakar@example.net,3465787133,Sonipat,Andhra Pradesh,2026-01-25
10,Victor,Kannan,bobaldaniel@example.org,+910518347382,Latur,Uttar Pradesh,2025-07-30
11,Niharika,Gupta,chatterjeeraagini@example.com,06701065133,Jorhat,Manipur,2024-02-29
12,Pahal,Goswami,turvi31@example.com,1080132677,Rewa,Arunachal Pradesh,2024-04-07
13,Ladli,Agate,ylanka@example.com,06872343098,Satara,Arunachal Pradesh,2023-10-12
14,Vansha,Thakkar,daksheshtrivedi@example.org,+911913619399,Udupi,Assam,2025-05-08
15,Diya,Lal,diptakhare@example.com,02475107991,Siwan,Gujarat,2025-09-19
16,Alka,Deo,ekapad35@example.com,+917849808412,Bhiwandi,Bihar,2025-12-02
17,Nachiket,Magar,shivansh53@example.net,4874016400,Bikaner,Rajasthan,2024-09-05
18,Neel,Sathe,handra@example.org,2805982620,Bharatpur,Uttar Pradesh,2023-09-26
19,Ishita,Kade,harshilpandya@example.net,09232260256,Shimoga,Goa,2026-07-20
20,Hritik,Raja,singhaltristan@example.org,05433036541,Etawah,Rajasthan,2025-09-25
21,Mugdha,Yadav,ayaan14@example.org,4019655698,Kharagpur,Odisha,2024-05-17
22,Aachal,Basu,hagarwal@example.net,3561595148,Alappuzha,Karnataka,2025-04-12
23,Chakrika,Datta,osharaghavan@example.net,2994680443,Adoni,Punjab,2026-05-09
24,Ekanta,Shroff,rsathe@example.org,7214895134,Davanagere,Chhattisgarh,2023-09-02
25,Chakradhar,Konda,dbora@example.com,9367632016,Belgaum,Uttar Pradesh,2026-07-12
26,Zarna,Shetty,krishjairaj@example.com,+917889579868,Kozhikode,Telangana,2025-08-02
27,Shivani,Lad,aradhanaverma@example.com,3471434558,Durgapur,Chhattisgarh,2024-07-20
28,Leela,Dua,devanshsachdeva@example.com,08760366909,Morena,Andhra Pradesh,2025-01-23
29,Chanchal,Ramakrishnan,vyohannan@example.net,9373467065,Dehradun,Uttarakhand,2025-07-22
30,Joshua,Walla,rameshavi@example.org,6272046537,Naihati,Tripura,2025-03-06
31,Arunima,Sama,finn70@example.net,0531003309,Mathura,Chhattisgarh,2025-07-31
32,Ishwar,Kamdar,xkunda@example.com,+919912419049,Sikar,Tamil Nadu,2024-05-30
33,Faqid,Kibe,mitrajai@example.net,+915865185067,Bhiwani,Kerala,2026-04-09
34,Tripti,Dua,ugoda@example.net,4987769453,Alwar,Manipur,2024-08-08
35,Ucchal,Raghavan,ayush75@example.org,03545494808,Guwahati,Haryana,2025-04-18
36,Vrinda,Khosla,cswaminathan@example.org,+914363495788,Khandwa,Telangana,2025-11-27
37,Ganga,Pandey,tmadan@example.com,+911351823374,Salem,Uttarakhand,2024-05-23
38,Chaman,Karan,praneel40@example.net,2400842710,Nandyal,Meghalaya,2025-06-10
39,Harini,Gour,krishnanvanya@example.org,+916719022941,Kochi,Nagaland,2025-05-03
40,Upkaar,Virk,cseshadri@example.com,6499091334,Sangli-Miraj & Kupwad,Haryana,2024-04-22
41,Falan,Dugar,regeshravya@example.net,7403447134,Khandwa,Bihar,2025-11-18
42,Umang,Dixit,lucky10@example.org,09947174648,Bahraich,Assam,2026-02-10
43,Balveer,Sankaran,zashil01@example.org,9904902787,Bokaro,Odisha,2025-06-03
44,Vyanjana,Chand,apall@example.com,01256746807,Satna,Himachal Pradesh,2024-12-10
45,Jack,Raval,shereodika@example.org,+918597703482,Bahraich,Tamil Nadu,2025-08-17
46,Jairaj,Balakrishnan,nathanmukhopadhyay@example.net,+918613171274,Vijayanagaram,Uttarakhand,2025-08-14
47,Urmi,Kohli,ydhillon@example.org,8214658404,Dharmavaram,Odisha,2026-05-17
48,Vrishti,Dixit,eyohannan@example.com,08867533963,Varanasi,Karnataka,2025-07-30
49,Lakshmi,Raju,warhibansal@example.org,9517187026,Aurangabad,Meghalaya,2024-09-10
50,Hamsini,Rao,narasimhanlajita@example.com,7809134316,Salem,Manipur,2024-04-10
51,Chandani,Balakrishnan,nairdaksh@example.com,05623869222,Phagwara,West Bengal,2025-03-12
52,Wridesh,Tank,vincentshenoy@example.net,07407482175,Khandwa,Tamil Nadu,2024-08-18
53,Tanmayi,Mittal,leenasubramanian@example.org,+916959440640,Medininagar,Telangana,2025-09-05
54,Bhavini,Karpe,theodore39@example.com,2104709521,Khammam,Telangana,2025-05-02
55,Parth,Iyer,jasmitwali@example.net,02474517123,Proddatur,Kerala,2023-12-14
56,Megha,Atwal,jatin75@example.net,4965137098,Phagwara,Haryana,2026-04-28
57,Dev,Shetty,nilima12@example.org,+914711382675,Dharmavaram,Telangana,2024-03-23
58,Oeshi,Chaudhary,rreddy@example.org,5377351585,Sikar,Himachal Pradesh,2024-05-16
59,Jason,Sha,kalaansh@example.org,03293183933,Siliguri,Uttar Pradesh,2026-02-06
60,Aarnav,Malhotra,kalpitzachariah@example.com,+911020539502,Faridabad,Chhattisgarh,2025-05-10
61,Ishaan,Bhatt,xsen@example.com,9178390847,Ghaziabad,Meghalaya,2025-04-10
62,Pooja,Chokshi,esawhney@example.org,09212499856,Malda,Mizoram,2026-02-21
63,Qushi,Chaudhary,kalequshi@example.com,+916576615654,Jamnagar,Sikkim,2025-08-01
64,Ekalinga,Chand,chanderrachana@example.org,5280988516,Bhusawal,West Bengal,2023-10-14
65,Bhavna,Muni,hemang98@example.org,+917315851493,Kishanganj,Tripura,2026-03-18
66,Atharv,Loke,goleanjali@example.net,05502296120,Bettiah,Gujarat,2025-03-02
67,Oni,Setty,nakul54@example.net,09910229014,Khandwa,Meghalaya,2026-02-24
68,Riya,Sachdeva,tanveer81@example.com,01497840369,Chennai,Gujarat,2024-11-06
69,Siddharth,Devan,bimala51@example.org,06226838851,Kalyan-Dombivli,Maharashtra,2023-08-25
70,Tripti,Brahmbhatt,pushti96@example.net,6416052975,Junagadh,West Bengal,2024-01-07
71,Yagnesh,Sarin,fviswanathan@example.com,05352181883,Etawah,Telangana,2026-04-24
72,Manbir,Keer,dhingraaahana@example.org,+919212779979,Satna,Chhattisgarh,2025-06-09
73,Ekansh,Singh,ymitter@example.com,0581477005,Solapur,Rajasthan,2023-12-14
74,Yashica,Rajagopalan,cbarman@example.net,3597820715,Dibrugarh,Rajasthan,2024-04-20
75,Balveer,Kota,hsarna@example.net,2554665905,Ozhukarai,Bihar,2025-12-09
76,Libni,Mander,mason51@example.net,2546291486,Warangal,Sikkim,2026-07-22
77,Girik,Sampath,andrew54@example.org,+915733221418,Naihati,Tripura,2026-03-13
78,Karan,Puri,nicholasgolla@example.net,2706537947,Deoghar,Haryana,2024-11-18
79,Upasna,Hari,ridhi74@example.com,8623924075,Hazaribagh,West Bengal,2024-02-05
80,Bhavani,Chacko,anjalisengupta@example.net,+916137506068,Noida,Madhya Pradesh,2023-11-30
81,Kavya,Kapur,nagarhardik@example.net,5220472779,Vijayawada,Andhra Pradesh,2024-08-27
82,Tanveer,Doctor,xchoudhry@example.com,+914103697117,Kottayam,Odisha,2024-08-05
83,Maanas,Manne,nagarwal@example.com,+919621851888,Pali,West Bengal,2025-07-26
84,Caleb,Ram,zehaan05@example.org,03195205852,Nangloi Jat,Rajasthan,2024-05-05
85,Krishna,Bhatnagar,sbansal@example.org,+913054868740,Baranagar,Kerala,2023-10-09
86,Garima,Mahajan,pillairajeshri@example.com,7652775841,Vijayawada,Maharashtra,2026-02-16
87,Pranit,Memon,harshil15@example.net,04796275705,Panipat,Rajasthan,2023-10-24
88,Falan,Ravi,yochana20@example.org,7021355690,Hospet,Kerala,2025-02-23
89,Sachi,Bose,jeevikarao@example.com,4310278681,Bhilwara,Tamil Nadu,2025-06-19
90,Tanish,Mangal,hiyengar@example.org,+917271551884,Sangli-Miraj & Kupwad,Tamil Nadu,2026-07-18
91,Owen,Pathak,jairajiyer@example.org,+917058957829,Amritsar,Jharkhand,2025-04-05
92,Varenya,Vora,krout@example.org,+915177852892,Bhiwani,Mizoram,2023-10-21
93,Jeet,Vasa,dakshagala@example.org,03584143842,Srikakulam,Nagaland,2023-12-19
94,Yadavi,Ganguly,onveernazareth@example.net,+910109439690,Bongaigaon,Jharkhand,2026-04-19
95,Chasmum,Subramanian,nidramishra@example.com,+910276773592,Imphal,Telangana,2025-01-13
96,Mohini,De,yutika81@example.com,+917147321046,Kulti,West Bengal,2024-03-31
97,Falak,Munshi,nathanieltara@example.net,07470168733,Nashik,Arunachal Pradesh,2024-10-06
98,Warda,Singhal,abhiram16@example.org,05650609835,Srinagar,Madhya Pradesh,2025-09-17
99,Shravya,Mammen,davegunbir@example.com,05852398680,Agra,Chhattisgarh,2024-12-25
100,Urvi,Venkataraman,mdixit@example.net,+915952694958,Phusro,Jharkhand,2025-08-02
101,Anay,Pillay,imaran69@example.com,0974993097,Loni,Rajasthan,2026-03-15
102,Lajita,Divan,azadchoudhary@example.org,+917562636897,Durgapur,Mizoram,2024-06-13
103,Ekta,Sridhar,lmurthy@example.com,5854973348,Kamarhati,Jharkhand,2024-10-17
104,Sarthak,Suresh,varsha58@example.net,04198665240,Vijayawada,Kerala,2025-06-13
105,Aahana,Srinivas,sakshamyohannan@example.com,4219933083,Faridabad,Bihar,2025-04-29
106,Ganga,Sodhi,devanabdul@example.net,+916773454019,Deoghar,Telangana,2023-09-22
107,Parth,Sahni,balhaarranganathan@example.com,+914004991547,Guntur,West Bengal,2025-09-17
108,Upadhriti,Mahajan,isaiahnarayanan@example.org,7420549329,Purnia,Mizoram,2024-12-17
109,Gabriel,Rattan,goyallogan@example.com,03046374549,Bhilwara,Rajasthan,2025-02-04
110,Warinder,Bhatia,shroffdamyanti@example.org,08414593327,Malda,Telangana,2026-02-21
111,Kashvi,Sagar,zyogi@example.net,+913918785191,Motihari,Mizoram,2024-06-05
112,Mason,Gala,zinal71@example.net,+919718707286,Phusro,Arunachal Pradesh,2025-12-11
113,Turvi,Morar,randhawaaachal@example.org,3910651801,Patna,Jharkhand,2025-04-22
114,Pranit,Deshmukh,yprasad@example.com,06182512868,Rajahmundry,Uttarakhand,2023-08-01
115,Arin,Misra,isamra@example.com,+913752431069,New Delhi,Gujarat,2023-11-08
116,Harrison,Bandi,pbava@example.net,+916738302843,Gangtok,Punjab,2026-06-05
117,Ekani,Khalsa,luke83@example.com,04089268705,Loni,Karnataka,2026-07-12
118,Omaja,Rege,charitapuri@example.org,7334270866,Munger,Haryana,2024-08-26
119,Samar,Narayanan,senguptakamala@example.org,3046990139,Nangloi Jat,Gujarat,2024-12-25
120,Chavvi,Aurora,ranveerdalal@example.net,03936385467,Aizawl,Himachal Pradesh,2025-02-04
121,Yochana,Tank,zchaudhari@example.net,05355609320,Begusarai,Odisha,2026-01-11
122,Omisha,Merchant,rohannarayan@example.org,09378547772,Gulbarga,Chhattisgarh,2025-11-22
123,Vrinda,Gour,viswanathanbahadurjit@example.org,0062312038,Dindigul,Arunachal Pradesh,2026-03-12
124,Vasudha,Sura,ahujanisha@example.org,+918484086211,New Delhi,Gujarat,2026-03-15
125,Zayyan,Pandya,mekhala15@example.com,09334101666,Pimpri-Chinchwad,Rajasthan,2023-08-10
126,Onveer,Butala,psaraf@example.com,1803397401,Tinsukia,Odisha,2026-05-14
127,Bachittar,Gola,amol39@example.org,6142939685,Kolhapur,Uttar Pradesh,2026-07-01
128,Farhan,Tella,chatresh16@example.org,+915999650477,Raurkela Industrial Township,Nagaland,2025-03-01
129,Rachana,Grewal,xchada@example.net,03114262655,Mysore,Andhra Pradesh,2024-11-16
130,Sai,Parsa,harsh21@example.org,07888610158,Kavali,Punjab,2024-12-11
131,Lekha,Arora,odika61@example.net,3982622444,Ulhasnagar,Assam,2024-04-11
132,Radhika,Majumdar,emistry@example.org,04379937124,Tenali,Karnataka,2026-03-16
133,Lajita,Narayan,bnatt@example.net,2459375265,Pallavaram,Odisha,2024-08-06
134,Eshana,Puri,maya51@example.net,+919828073741,Panchkula,Chhattisgarh,2026-04-05
135,Chavvi,Khurana,mitesh66@example.org,09796886805,Moradabad,Tripura,2024-08-15
136,Isha,Ganesan,rattagarima@example.com,+910143888993,Dindigul,Madhya Pradesh,2025-07-15
137,Xiti,Dora,aryan71@example.com,01125457387,Fatehpur,Bihar,2025-06-06
138,Sneha,Nagar,mitalchaitanya@example.net,+910512382825,Surendranagar Dudhrej,Haryana,2025-04-16
139,Qarin,Grewal,brandhawa@example.net,3796603341,Jorhat,Goa,2025-02-14
140,Eshana,Hegde,qcomar@example.net,08596969155,Tadipatri,Goa,2026-06-07
141,Chameli,Chad,dhritidalal@example.org,01252866929,Bhusawal,Goa,2025-08-21
142,Oscar,Ganesan,imani@example.org,07905072368,Alappuzha,Sikkim,2025-08-28
143,Ojasvi,Sawhney,fganesh@example.net,+913404384279,Jamalpur,Mizoram,2024-01-18
144,Ishaan,Loyal,benjamin78@example.org,01340745171,Bhagalpur,Uttar Pradesh,2026-01-25
145,Indali,Sangha,liamjhaveri@example.org,+919584982544,Kottayam,Sikkim,2023-12-21
146,Krishna,Sabharwal,malhotrajonathan@example.net,+913253672946,Bidhannagar,Assam,2026-04-06
147,Girik,Rau,jyoti77@example.com,0175186363,Agartala,Karnataka,2024-10-09
148,Geetika,De,roza@example.org,+911701277063,Barasat,Goa,2024-09-24
149,Girik,Patel,fitan52@example.org,04361103712,Kadapa,Sikkim,2025-06-17
150,Aditya,Anand,jai62@example.com,+913611155426,Asansol,Assam,2025-10-28
151,Abhiram,Gala,upanchal@example.org,2697311219,Etawah,Maharashtra,2024-11-26
152,Logan,Kota,frado38@example.net,9404389836,Meerut,Uttar Pradesh,2024-08-01
153,Warda,Raju,khoslaxalak@example.net,1805526965,Chittoor,Tripura,2023-11-17
154,Anay,Bir,lalatanveer@example.org,+916848666188,Alwar,Assam,2024-11-19
155,Farhan,Vaidya,nachiketyadav@example.com,09146303161,Pudukkottai,Punjab,2023-10-20
156,Dayamai,Gill,aroralaksh@example.net,+912758842524,Ludhiana,Karnataka,2025-05-23
157,Anita,Viswanathan,lallfaraj@example.com,08507925241,Ambattur,Telangana,2025-09-24
158,Aarnav,Basu,kondachakradhar@example.com,06220863536,Gopalpur,Uttarakhand,2023-11-24
159,Kashish,Dar,golaudant@example.net,+916174451870,Kollam,Jharkhand,2025-12-18
160,Daksha,Kibe,lpillay@example.com,+918320603850,Mumbai,Tripura,2026-05-13
161,Krisha,Mohanty,jhawazir@example.com,00241038657,Amaravati,Bihar,2025-09-19
162,Kiaan,Ramesh,bhatiaradhika@example.net,+913445655743,Panihati,Chhattisgarh,2026-01-20
163,Ikbal,Dugal,galashivani@example.com,06185374741,Sangli-Miraj & Kupwad,Uttar Pradesh,2026-06-26
164,Daksha,Baria,falakdivan@example.org,3568044206,Miryalaguda,Telangana,2025-11-27
165,Zaid,Chandra,zchaudry@example.org,+910032365199,Aurangabad,Andhra Pradesh,2023-11-04
166,Rudra,Sawhney,georgenarula@example.org,+917029667066,Raichur,Gujarat,2024-05-12
167,Anvi,Mammen,cdixit@example.net,9347687014,Durgapur,Maharashtra,2024-05-31
168,Zaid,Bahl,eparmer@example.net,05985642059,Ludhiana,Uttar Pradesh,2024-10-05
169,Dalbir,Sodhi,viraj21@example.org,3480396522,Guntakal,Karnataka,2026-07-14
170,Jagrati,Bala,lucky93@example.com,4270103930,Mumbai,Karnataka,2026-03-07
171,Saksham,De,peter50@example.org,+919218515691,Barasat,Karnataka,2024-02-23
172,Nakul,Sarkar,lnadig@example.net,9539264422,Chapra,Madhya Pradesh,2025-12-24
173,Bachittar,Gopal,timothy91@example.com,+915135521570,Bhagalpur,Haryana,2026-07-07
174,Ekansh,Palla,hritik00@example.com,06267658617,Ujjain,Manipur,2023-11-18
175,Bahadurjit,Menon,nagaradvika@example.org,+915262181599,Ludhiana,Maharashtra,2026-05-07
176,Nitesh,Saraf,chatreshchaudhuri@example.com,+913688444310,Aurangabad,Nagaland,2025-08-27
177,Mitesh,Bhagat,aarush61@example.com,9731032417,Aizawl,Uttar Pradesh,2025-04-04
178,Urishilla,Suresh,gavin86@example.org,06527047743,Phusro,Arunachal Pradesh,2024-03-17
179,Gunbir,Chada,odika93@example.net,+916868793741,Visakhapatnam,Mizoram,2025-12-30
180,Zansi,Din,senoscar@example.org,+913206163294,Jabalpur,Assam,2025-03-20
181,Mekhala,Nanda,zinal70@example.net,9861622999,Aligarh,Odisha,2023-12-30
182,Bhavika,Wason,nirja46@example.net,09970246299,Agra,Madhya Pradesh,2024-12-22
183,Wazir,Bawa,xluthra@example.org,04447132475,Erode,Punjab,2026-04-24
184,Gaurav,Guha,akakar@example.net,08508214862,Malegaon,Gujarat,2024-06-02
185,Dalbir,Krish,shanchandresh@example.com,3457861035,Hindupur,Manipur,2024-04-27
186,Urvi,Palla,nihal41@example.com,+916029333346,Bangalore,Meghalaya,2024-02-17
187,Oscar,Anand,zayyanmody@example.net,4665743748,Bhimavaram,Bihar,2023-08-07
188,Yasti,Prasad,chanchal17@example.org,04544432830,Imphal,Sikkim,2024-02-29
189,Atharv,Tank,aashi66@example.com,0993538758,Tirunelveli,Uttarakhand,2026-05-13
190,Pratyush,Memon,sinhakabir@example.net,08251353465,Bhilwara,Odisha,2024-10-25
191,Ubika,Dalal,obera@example.net,9173816846,Saharanpur,Chhattisgarh,2024-06-02
192,Hema,Rout,udhar@example.net,+911752500743,Gangtok,Tripura,2024-03-29
193,Vrishti,Chakrabarti,radhasanghvi@example.com,07600835058,Surat,Sikkim,2023-08-02
194,Yuvraj,Kara,devika21@example.com,9421044789,Raebareli,Sikkim,2024-02-19
195,Hema,Suri,raghav26@example.org,+913230982150,Rohtak,Tripura,2025-11-03
196,Chanakya,Bava,bahrichanakya@example.net,+916761847230,Bidar,Sikkim,2023-12-30
197,Zinal,Madan,omyacheema@example.net,9141173934,Secunderabad,Tamil Nadu,2025-04-23
198,Chakrika,Dyal,tanejasarthak@example.net,05300119721,Salem,Himachal Pradesh,2026-04-22
199,Vihaan,Shan,aishani70@example.org,+910455611002,Ozhukarai,Kerala,2025-06-05
200,Amrita,Chander,hema21@example.com,07467621202,Erode,Odisha,2025-08-14
201,Raksha,Golla,nparmer@example.org,2771670145,Loni,Tripura,2026-01-07
202,Udarsh,Nigam,santyuvraj@example.com,06289002877,Aurangabad,Tripura,2025-08-28
203,Ekani,Khosla,arunima08@example.org,6631779717,Satna,Bihar,2025-09-06
204,Andrew,Chauhan,csachar@example.net,0199488375,Meerut,Uttarakhand,2024-07-07
205,Suhani,Narula,tpatla@example.com,+911305548851,Dehradun,Meghalaya,2024-03-01
206,Nimrat,Chhabra,rohan31@example.com,+917351609177,Panchkula,Andhra Pradesh,2025-10-27
207,Chanakya,Sant,xtrivedi@example.org,9221699586,Narasaraopet,Tamil Nadu,2024-08-15
208,Anusha,Rao,chaitaly72@example.org,09848583339,Hapur,Sikkim,2024-02-18
209,Pranav,Thakur,jack58@example.com,9684608106,Meerut,Sikkim,2023-10-22
210,Ryan,Loke,bhavinikrishna@example.org,+914380571983,Patiala,Mizoram,2026-07-12
211,Bhavna,Batta,aram@example.net,08004397359,Jammu,Jharkhand,2025-06-23
212,Peter,Borde,oscarvarkey@example.org,00648422940,Kirari Suleman Nagar,Tamil Nadu,2024-03-23
213,Balveer,Dube,charan94@example.com,8515832818,Vijayanagaram,Nagaland,2025-11-07
214,Netra,Chanda,timothy35@example.com,04398780157,Srikakulam,Punjab,2024-08-08
215,Balveer,Nagi,ycomar@example.com,4085887704,Pondicherry,Mizoram,2023-12-01
216,Gopal,Ganesh,bhattishivansh@example.net,3613861207,Agra,Assam,2023-11-17
217,Chatura,Gokhale,ekavir93@example.com,06766506180,Bhimavaram,Arunachal Pradesh,2026-07-19
218,Elijah,Parmar,manncharvi@example.net,+914766072832,Bongaigaon,Jharkhand,2026-04-06
219,Maanas,Misra,advay88@example.org,+910099688143,Rajpur Sonarpur,Maharashtra,2026-04-25
220,Yauvani,Dhar,qarinkant@example.net,03129087814,Chandrapur,Bihar,2024-05-28
221,Vidhi,Narayanan,kabir31@example.com,1357759492,Satna,Maharashtra,2024-04-13
222,Aayush,Munshi,timothysarin@example.com,02577754781,Medininagar,Assam,2024-10-04
223,Logan,Yohannan,adyabose@example.net,+910809969308,Tinsukia,Nagaland,2025-07-29
224,Manthan,Pau,xkapoor@example.net,4278816580,Srikakulam,Sikkim,2024-04-09
225,Yoshita,Dey,ldutta@example.net,2750373145,Kalyan-Dombivli,Sikkim,2024-06-12
226,Zarna,Patel,dsingh@example.org,+915184498926,Ambarnath,Odisha,2026-05-06
227,Faras,Varughese,krisha38@example.com,05779082723,Kottayam,Rajasthan,2024-10-05
228,Siddharth,Doctor,nakulpathak@example.net,1365177739,Bulandshahr,Andhra Pradesh,2024-08-08
229,Caleb,Datta,krishvala@example.org,2024286990,Guwahati,Gujarat,2025-06-23
230,Urishilla,Subramaniam,theodoreroy@example.net,+919298425799,Berhampur,Madhya Pradesh,2025-03-16
231,Kevin,Chopra,jainyamini@example.net,02912799088,Tiruchirappalli,Meghalaya,2026-05-16
232,Kalpit,Zacharia,sankarosha@example.com,+918637659916,Rohtak,Meghalaya,2024-07-22
233,Fiyaz,Mander,mkurian@example.org,0981806356,Aligarh,Chhattisgarh,2025-05-18
234,Zehaan,Lal,npau@example.com,6368872588,Nizamabad,Jharkhand,2026-01-09
235,Hemangini,Rao,jagatkarpe@example.com,2138658902,Kolkata,Uttar Pradesh,2023-12-15
236,Maanav,Sinha,echakrabarti@example.com,+915190669849,Akola,Rajasthan,2025-09-01
237,Reva,Anne,zarnamangal@example.org,+919883920530,Chandigarh,Himachal Pradesh,2025-04-07
238,Ira,Rana,hiyer@example.org,1184895543,Malda,Madhya Pradesh,2026-01-05
239,Aayush,Lal,niharikatoor@example.org,1845184894,Burhanpur,Odisha,2025-08-16
240,Yagnesh,Nori,lsharma@example.org,01416335658,Firozabad,Haryana,2024-10-15
241,Girik,Rastogi,faqid82@example.com,05394237333,Tiruppur,Haryana,2024-06-05
242,Zaid,Parekh,hredhaandar@example.org,7908075957,Pallavaram,Goa,2025-09-28
243,Ati,Rao,kabirbhagat@example.net,07808562718,Satna,Tamil Nadu,2023-08-09
244,Advik,Kade,uchaudhuri@example.com,4284347955,Panchkula,Maharashtra,2024-06-18
245,Oni,Pradhan,nandini47@example.org,2931438663,Jalgaon,Meghalaya,2023-08-11
246,Patrick,Sama,odesai@example.net,5744890612,Thrissur,Uttarakhand,2024-08-25
247,Vamakshi,Char,qnatt@example.com,08845061593,Anantapuram,Kerala,2024-12-13
248,Yashvi,Sura,ybrar@example.net,07225699611,Tiruvottiyur,Haryana,2024-11-24
249,Edhitha,Manne,megha47@example.com,9876220234,Bhagalpur,Goa,2025-04-03
250,Harshil,Chandran,solankichatura@example.org,08114921643,Anantapuram,Manipur,2026-03-26
251,Jonathan,Deep,ayushbanerjee@example.net,05778487282,Phusro,Maharashtra,2025-10-17
252,Dayita,Palan,ozacharia@example.org,04564240082,Baranagar,Meghalaya,2025-11-04
253,Abhiram,Swamy,amistry@example.com,09308536866,Ujjain,Tamil Nadu,2026-04-25
254,Madhavi,Radhakrishnan,adyabuch@example.com,3894484631,Bhavnagar,Jharkhand,2024-01-14
255,Tamanna,Sethi,vyanjana35@example.org,+910802144270,Mysore,Chhattisgarh,2023-08-18
256,Wakeeta,Kalla,osha47@example.com,00512046187,Nellore,Uttarakhand,2024-08-18
257,Lakshmi,Arora,kotharilekha@example.com,+910371837645,Kalyan-Dombivli,Telangana,2025-11-26
258,Jason,Kulkarni,mmisra@example.com,+913136502491,Latur,Andhra Pradesh,2023-09-30
259,Vaishnavi,Dubey,gaurav32@example.com,+919500528127,Ratlam,Nagaland,2026-04-23
260,Idika,Sarna,anshpurohit@example.com,2407784873,Tinsukia,Kerala,2024-12-10
261,Upadhriti,Maharaj,ekapadwali@example.org,04485708620,Udupi,Haryana,2024-12-06
262,Dev,Yohannan,hgupta@example.net,08294565118,Varanasi,Uttarakhand,2024-02-13
263,Pranav,Balay,hredhaansunder@example.org,+910967899405,Medininagar,Tamil Nadu,2023-11-14
264,Agastya,Joshi,dbuch@example.net,+915865094801,Solapur,Gujarat,2025-10-10
265,Gunbir,Chaudhuri,lekhagupta@example.org,3928861957,Vasai-Virar,Goa,2024-05-02
266,Neelima,Thaman,nakul89@example.com,05855665939,Gandhinagar,Tripura,2025-11-27
267,Aachal,Parsa,zsem@example.org,0490824043,Satna,Andhra Pradesh,2026-07-02
268,Anya,Vaidya,girindrabarad@example.com,02245933441,Jehanabad,Gujarat,2023-11-23
269,Ekta,Subramanian,vinayachandran@example.net,4096105566,Ambattur,Telangana,2026-05-06
270,Advay,Raja,modybenjamin@example.com,9258320679,Korba,Maharashtra,2024-10-19
271,Meera,Divan,gayathributala@example.com,0864168622,Karaikudi,Gujarat,2025-08-22
272,Megha,Hayre,xavierbora@example.com,05911665535,Hindupur,Rajasthan,2023-09-02
273,Dalaja,Gara,riya92@example.com,+913352110392,Kanpur,Karnataka,2026-07-08
274,Indrajit,Mody,bsinha@example.com,+918338848792,Gandhinagar,Odisha,2026-05-22
275,Caleb,Kumer,darpanmander@example.org,9407016451,Jalna,West Bengal,2026-04-30
276,Libni,Kashyap,ttrivedi@example.org,07981238780,Shahjahanpur,Mizoram,2024-11-11
277,Gauri,Suri,bdugar@example.com,5543840460,Kamarhati,Chhattisgarh,2025-01-07
278,Maya,Devan,rajautkarsh@example.com,+919264957823,Amaravati,Nagaland,2026-06-23
279,Samaksh,Devi,krishna62@example.net,2518812520,Haridwar,Maharashtra,2024-11-09
280,Saanvi,Mahal,raghavchhabra@example.org,+910994999393,Indore,Kerala,2023-11-27
281,Vansha,Desai,lprakash@example.com,07223306046,Panihati,Tripura,2024-06-08
282,Dominic,Goel,ssuri@example.com,03660965699,Saharsa,Bihar,2025-06-27
283,Tanmayi,Basak,zilmilyogi@example.com,0868034764,Surendranagar Dudhrej,Goa,2025-05-13
284,Chaitaly,Bhagat,ubikaseth@example.org,8129826657,Mangalore,Manipur,2026-01-29
285,Saksham,Sha,krishnaekiya@example.net,2111751868,Burhanpur,Nagaland,2025-03-09
286,Caleb,Garde,mason22@example.org,0644742123,Nizamabad,Andhra Pradesh,2025-07-08
287,Widisha,Tara,takwazir@example.org,7767199038,Udupi,Rajasthan,2025-12-09
288,Sarthak,Bawa,manbirbhakta@example.net,00209945101,Mangalore,Goa,2026-06-05
289,Bhavani,Goel,cparsa@example.org,05561681472,Panipat,Karnataka,2025-10-22
290,Odika,Vohra,shauryabhardwaj@example.org,8179469548,Bikaner,Punjab,2025-12-17
291,Watika,Venkatesh,ztailor@example.org,3430107139,Haridwar,Arunachal Pradesh,2024-12-26
292,Inaya,Kala,jaggibaghyawati@example.com,+914488501556,Akola,Gujarat,2024-12-21
293,Hamsini,Srinivas,pbanik@example.org,02785760849,Miryalaguda,Nagaland,2023-08-25
294,Sathvik,Narula,dominic24@example.org,06829962914,Patna,Himachal Pradesh,2025-04-29
295,Gabriel,Taneja,kamyaseth@example.com,+918421503178,Karawal Nagar,Mizoram,2024-03-22
296,Ranveer,Oak,tviswanathan@example.com,+911823076810,Varanasi,Sikkim,2026-02-04
297,Gagan,Nath,gbatra@example.net,4094353344,Gandhidham,Sikkim,2024-01-25
298,Anjali,Dixit,anushacontractor@example.org,8813858542,Chapra,Haryana,2024-04-18
299,Ekavir,Mukhopadhyay,sachi02@example.org,00160166299,Tadepalligudem,Kerala,2024-11-23
300,Gaurangi,Hora,shroffkaran@example.org,7174773329,Bharatpur,Madhya Pradesh,2024-05-06
301,Ganga,Nair,bsura@example.org,01577245992,Machilipatnam,Uttarakhand,2024-01-09
302,Eshana,Bobal,triya69@example.com,+919382761539,Raebareli,Odisha,2025-01-08
303,Warinder,Ghose,surishwar@example.net,7581724619,Kavali,Tripura,2025-03-06
304,Falak,Talwar,chanateerth@example.org,0227846997,Tiruppur,Sikkim,2024-11-29
305,Chandani,Modi,fpadmanabhan@example.net,+919862405800,Bhubaneswar,West Bengal,2024-10-07
306,Azaan,Keer,oramesh@example.com,6666832723,Karimnagar,Uttarakhand,2025-05-05
307,Mitesh,Mani,krishapte@example.org,0276212679,Bokaro,Manipur,2025-09-25
308,Panini,Sengupta,opant@example.org,09097384689,Visakhapatnam,Arunachal Pradesh,2025-12-25
309,Vasudha,Pillay,subramaniamfariq@example.org,8478189137,Panvel,Uttar Pradesh,2026-01-12
310,Devika,Bera,advay77@example.net,09565442094,Ghaziabad,Rajasthan,2025-07-31
311,Omkaar,Behl,avi47@example.org,+918144294440,Mahbubnagar,Goa,2026-01-31
312,Matthew,Sekhon,parth43@example.com,+918051292766,Gandhidham,Telangana,2026-04-12
313,Oliver,Kade,chatura41@example.org,+917674783667,Ulhasnagar,Mizoram,2025-06-01
314,Advik,Mani,rraja@example.com,0185694544,Rohtak,Rajasthan,2026-01-19
315,Mahika,Shenoy,robertvenkatesh@example.com,2580010618,Amroha,Kerala,2024-07-01
316,Bhanumati,Krishnamurthy,bahadurjitbajwa@example.net,+910939111926,Bhubaneswar,Tamil Nadu,2024-05-08
317,Zehaan,Menon,oborra@example.com,06542140665,Rampur,Uttarakhand,2024-09-10
318,Pranav,Sastry,swamysai@example.net,02712863917,Kota,Arunachal Pradesh,2023-11-17
319,Ekavir,Krishna,fbahl@example.org,0064256908,Morena,Maharashtra,2025-04-14
320,Ekaraj,Zachariah,aarushrajagopalan@example.net,01985546015,Jodhpur,Uttarakhand,2025-07-10
321,Bimala,Jain,balveerrajagopalan@example.net,+914615717320,Nagpur,Telangana,2026-02-02
322,William,Suresh,ybhatnagar@example.net,4787005050,Kochi,Gujarat,2026-05-07
323,Tara,Yadav,virajbora@example.org,2707903202,Aizawl,Uttarakhand,2023-12-25
324,Tanmayi,Garde,cherianishaan@example.com,9313656519,Pondicherry,Uttarakhand,2024-06-22
325,Chakradev,Ghose,dev14@example.org,02582739021,Sangli-Miraj & Kupwad,Andhra Pradesh,2025-08-21
326,Faris,Ahuja,golagaurav@example.net,9467232487,Mathura,Goa,2026-03-01
327,Baljiwan,Gole,ochakrabarti@example.com,06083318195,Madhyamgram,Tripura,2026-03-26
328,Sathvik,Malhotra,hariisaiah@example.org,7722005436,Thanjavur,Punjab,2025-06-29
329,Caleb,Chawla,yogipatrick@example.org,+917811379956,Anantapur,Haryana,2024-01-14
330,Eshana,Kari,khalsanitara@example.org,03179706239,Mangalore,Madhya Pradesh,2025-02-26
331,Laban,Shankar,jagratimadan@example.org,02090421776,Tiruvottiyur,Haryana,2024-10-27
332,Naksh,Garde,gabrielsabharwal@example.net,03977406335,Adoni,Haryana,2026-01-31
333,Manthan,Ahluwalia,cbasu@example.com,8068671773,Proddatur,Tripura,2023-08-15
334,Niharika,Kamdar,jagratimerchant@example.org,1074279907,Durgapur,West Bengal,2026-07-23
335,Nidra,Goyal,ucchal01@example.com,5804649893,Udupi,Karnataka,2023-10-20
336,Yutika,Patla,choudhryleela@example.com,09055281832,Mathura,Nagaland,2024-01-19
337,Vanya,Kadakia,ekanipandit@example.com,6401557788,Nandyal,Tamil Nadu,2025-10-30
338,Brinda,Seth,dominic37@example.org,+916241124127,Kurnool,Mizoram,2026-03-27
339,Arin,Memon,edeo@example.com,07043103856,Khammam,Meghalaya,2026-02-02
340,Sai,Shankar,kevin42@example.com,+917540254729,Jorhat,Jharkhand,2024-05-05
341,Parth,Dube,wazirdada@example.org,09274523805,Siliguri,Kerala,2025-06-22
342,Nicholas,Walla,jairaj06@example.com,+917520885474,Buxar,Telangana,2025-06-12
343,Hamsini,Chowdhury,ibaria@example.net,1406937515,Narasaraopet,Rajasthan,2024-05-25
344,Tristan,Mall,arinchacko@example.net,01863759980,Sikar,Chhattisgarh,2025-05-21
345,Kala,Raju,advik45@example.com,07813767426,Kolhapur,Uttarakhand,2026-01-24
346,Gabriel,Dhawan,chavvisoman@example.net,01961064628,Tezpur,Tripura,2024-02-24
347,Ryan,Grewal,jmann@example.com,+914947873002,Dewas,Rajasthan,2026-04-10
348,Urmi,Dash,omisha27@example.net,3014719597,Rampur,Rajasthan,2026-06-26
349,Vamakshi,Dar,yauvani90@example.com,+919025725204,Gurgaon,Rajasthan,2025-01-30
350,Chanakya,Mann,faraj83@example.net,+911928554451,Asansol,Andhra Pradesh,2024-02-24
351,Zarna,Manda,vedhika65@example.org,+913283389888,Erode,Manipur,2023-11-22
352,Jackson,Deep,srinivasanijaya@example.com,5279852401,Warangal,West Bengal,2026-07-09
353,Lucky,Karan,jeremiah32@example.org,01107603108,Nandyal,Bihar,2024-08-23
354,Caleb,Bhatti,advaith11@example.net,+919325012495,Nanded,West Bengal,2025-09-11
355,Wyatt,Tiwari,chaudharyakshay@example.net,+913428013875,Gandhidham,Sikkim,2024-01-09
356,Pratyush,Pant,nsamra@example.net,+916151718275,Proddatur,Telangana,2023-09-28
357,Fitan,Narang,ydalia@example.com,09473864631,Arrah,Goa,2023-08-15
358,Vyanjana,Cheema,hsarma@example.net,1126691215,Sonipat,Gujarat,2026-02-05
359,Netra,Das,paninitata@example.com,9946579678,Siliguri,Tripura,2025-07-02
360,Hritik,Das,vrishti73@example.net,+910101702695,Avadi,Punjab,2026-03-21
361,Gopal,Bose,mshukla@example.com,7784858800,Kochi,Madhya Pradesh,2025-06-25
362,Divya,Puri,csharaf@example.org,+918427624671,Begusarai,Sikkim,2025-11-10
363,Upma,Soni,yashawinibhalla@example.com,07969545009,Warangal,Uttarakhand,2025-02-15
364,Ikshita,Bala,lajita16@example.com,06503334911,Raipur,Karnataka,2024-04-15
365,Anmol,Yohannan,baljiwan76@example.net,6407905696,Chapra,Bihar,2025-08-23
366,Harish,Jha,watika85@example.org,4563718344,Bihar Sharif,Odisha,2025-04-11
367,Upkaar,Chanda,nayaranjali@example.org,8763514846,Kollam,Maharashtra,2025-04-11
368,Zayan,Varma,bgole@example.net,8297374896,Nagaon,Gujarat,2025-02-11
369,Turvi,Divan,matthewmital@example.com,05136442493,Mathura,Bihar,2024-03-15
370,Rehaan,Bala,dayitashetty@example.com,6603242044,Kalyan-Dombivli,Telangana,2025-08-19
371,Anmol,Bhakta,murthychanchal@example.org,05162319818,Mehsana,Assam,2024-07-30
372,Jason,Munshi,madhavi36@example.org,+911234764907,Gorakhpur,Karnataka,2025-11-20
373,Pallavi,Soman,arunimadhillon@example.com,05409003486,Mirzapur,Uttar Pradesh,2026-06-25
374,Jairaj,Warrior,saanvirama@example.org,04413432756,Panipat,West Bengal,2023-11-28
375,Vyanjana,Sinha,tnatarajan@example.com,+912481569857,Faridabad,Rajasthan,2026-04-18
376,Qarin,Sawhney,aarushrattan@example.org,4591123829,Imphal,Manipur,2025-08-08
377,Kiaan,Lad,falakmanda@example.org,+916526693008,Hubli–Dharwad,Manipur,2024-05-29
378,Adweta,Ganguly,rattanpushti@example.net,02152910867,Kochi,Haryana,2024-06-06
379,Rayaan,Lata,warda62@example.com,+919343626204,Noida,Punjab,2025-06-26
380,Yuvraj,Pingle,achada@example.com,+915636694118,Faridabad,Karnataka,2024-07-25
381,Urishilla,Pandya,ahluwaliazehaan@example.net,6465280924,Ambala,Meghalaya,2025-01-03
382,Upadhriti,Deo,nadigrachita@example.org,01502745644,Hazaribagh,Karnataka,2025-06-02
383,Nitesh,Mutti,jdora@example.net,7032032074,Bhind,Maharashtra,2024-01-23
384,Warda,Baria,tparikh@example.net,07712151342,Danapur,Uttarakhand,2024-09-22
385,Simon,Agrawal,omajabose@example.org,01504165915,Bhopal,Assam,2025-07-10
386,Varsha,Setty,abdul50@example.net,7592304501,Tiruchirappalli,Madhya Pradesh,2024-08-26
387,Pranav,Khatri,bchakraborty@example.org,+916642147649,Secunderabad,Sikkim,2023-12-23
388,Jhalak,Vala,vrishtisehgal@example.com,04996165926,Tiruchirappalli,Arunachal Pradesh,2025-10-01
389,Harita,Sheth,mohammedtandon@example.net,8147617422,Kulti,Mizoram,2025-05-21
390,Chakrika,Batta,bathyochana@example.org,6617945491,Raipur,Telangana,2026-05-19
391,Turvi,Gola,mayabath@example.org,04597794523,Vijayawada,Telangana,2026-02-19
392,Aashi,Cherian,bwarrior@example.org,01027769749,Tenali,Uttar Pradesh,2024-11-08
393,Gagan,Dass,akshayhalder@example.org,+913037236831,Madhyamgram,Chhattisgarh,2025-08-01
394,Pahal,Bains,ganesanmichael@example.net,7770793349,Faridabad,Karnataka,2023-08-08
395,Harshil,Sankaran,vtandon@example.net,8407678997,Ghaziabad,Mizoram,2023-08-25
396,Pahal,Mutti,loyalomisha@example.com,+917957602437,Bahraich,Haryana,2025-09-22
397,Theodore,Nori,sdeep@example.net,6657293417,Malegaon,Gujarat,2024-03-25
398,Vyanjana,Chaudhuri,ttak@example.org,+918005452280,Naihati,Maharashtra,2024-01-20
399,Utkarsh,Dara,vidhikuruvilla@example.com,00842891077,Aligarh,Uttar Pradesh,2026-03-01
400,Harsh,Barman,ganeshjacob@example.org,02478712552,Panihati,Manipur,2025-05-02
401,Abeer,Korpal,som@example.net,+911456532863,Haldia,Maharashtra,2025-04-22
402,Tara,Varty,ayushman72@example.org,8115562606,Saharanpur,Odisha,2023-10-24
403,Zinal,Merchant,rratti@example.net,4550489267,Tinsukia,Punjab,2026-03-13
404,Riya,Pai,thora@example.org,+918562884318,Saharsa,Karnataka,2026-04-09
405,Nathaniel,Bajaj,zachariaaarna@example.org,06810548510,Sultan Pur Majra,Jharkhand,2026-01-01
406,Abdul,Setty,warinder99@example.net,8935449268,Vasai-Virar,Karnataka,2025-10-06
407,Reyansh,Patel,jchaudhari@example.net,06110627371,Hajipur,Madhya Pradesh,2026-01-25
408,Zilmil,Rana,wishi67@example.net,06228277288,Rajpur Sonarpur,Manipur,2025-07-31
409,Bachittar,Dugar,jagat96@example.org,+915940821545,Durg,Meghalaya,2023-09-08
410,Luke,Dhar,tbava@example.com,+912701851067,Buxar,Manipur,2025-01-01
411,Krishna,Soman,lakshitthaman@example.net,07725199663,Sonipat,Nagaland,2023-10-06
412,Saanvi,Mall,gandhiaryan@example.net,4818139890,Fatehpur,Mizoram,2023-08-24
413,Jai,Wali,anirudhmaharaj@example.org,+919718956907,Mau,Maharashtra,2024-05-02
414,Oeshi,Bajwa,lavanya41@example.org,+918242241246,Allahabad,Punjab,2024-12-13
415,Pratyush,Bala,misramadhavi@example.org,02654610339,Kumbakonam,Mizoram,2025-09-17
416,Lekha,Contractor,darsh57@example.net,01706304891,Miryalaguda,Rajasthan,2024-02-07
417,Daksha,Ray,ochacko@example.net,+912582386870,Madhyamgram,Uttarakhand,2026-03-17
418,Bimala,Ganesh,bhasinvasatika@example.com,4653984028,Dewas,Assam,2025-04-01
419,Jason,Dey,rachana39@example.net,05474355379,Pune,Tamil Nadu,2024-02-19
420,Aarnav,Soni,andraoscar@example.com,7681180715,Ghaziabad,Kerala,2025-03-18
421,Peter,Anand,sherekamala@example.org,00304531943,Kumbakonam,Kerala,2023-09-22
422,Avni,Tailor,abhimanyuhayre@example.net,01498728399,Amritsar,Odisha,2024-02-11
423,Dhruv,Datta,vedant84@example.org,0894870605,Vellore,Himachal Pradesh,2024-02-01
424,Zarna,Shukla,hpathak@example.org,3046875063,Jodhpur,Odisha,2023-09-04
425,Upkaar,Sampath,krishronith@example.org,04110760954,Moradabad,Meghalaya,2024-07-31
426,Harini,Bhagat,zinal31@example.net,7179110065,Warangal,Arunachal Pradesh,2025-06-12
427,Christopher,Mitra,gbhatti@example.net,+918046619639,Malda,Madhya Pradesh,2025-07-17
428,Priya,Chaudhuri,atharv78@example.com,3110919392,Raichur,Maharashtra,2025-08-12
429,Sai,Grewal,lakshbasu@example.org,+914968549822,Tirupati,Punjab,2025-01-09
430,Bishakha,Pillay,vasamaanav@example.org,+918806533315,Fatehpur,Tamil Nadu,2026-07-05
431,Unni,Narula,chandani65@example.org,+917073033793,Ongole,Telangana,2024-12-22
432,Keya,Jha,agour@example.com,+911508124739,Varanasi,Andhra Pradesh,2024-05-31
433,Rudra,Mander,theodorelala@example.net,+915832302410,Nadiad,Rajasthan,2024-01-15
434,Hamsini,Kade,tanmayi35@example.com,2896112233,Dindigul,Karnataka,2026-02-12
435,Pushti,Konda,gulatichaitaly@example.org,03042897317,Rourkela,Mizoram,2025-03-20
436,Yashodhara,Prasad,dvenkataraman@example.org,05877749690,Muzaffarnagar,Gujarat,2025-06-28
437,Wahab,Randhawa,daminisandal@example.com,2548121478,Berhampur,Odisha,2023-09-28
438,Udyati,Vala,pooja77@example.com,05754602734,Secunderabad,Assam,2024-10-26
439,Yachana,Varghese,malhotravedant@example.org,+911508353544,Jhansi,Tamil Nadu,2026-02-19
440,Lakshit,Lal,mistrybaghyawati@example.com,06907826333,Muzaffarpur,Mizoram,2026-01-23
441,Upadhriti,Shenoy,frederick53@example.com,6377805292,Bangalore,Meghalaya,2026-05-15
442,Isha,Nori,onisandal@example.net,08459090225,Eluru,Gujarat,2025-03-24
443,Devansh,Warrior,eguha@example.org,09741218209,Indore,Goa,2024-05-31
444,Ekaraj,Raju,samesh34@example.net,1705802566,Bhubaneswar,Chhattisgarh,2025-11-06
445,Omya,Sridhar,ramachandransamuel@example.org,+914672994938,Bally,Gujarat,2023-08-07
446,Luke,Sehgal,rastogiyatin@example.net,09777901475,Katni,Punjab,2024-04-24
447,Ojasvi,Krish,rachanashankar@example.com,2916032484,Bellary,Meghalaya,2025-04-25
448,Jairaj,Pillay,cheemayamini@example.com,07243807017,Tiruvottiyur,Telangana,2025-04-07
449,Robert,Ranganathan,annezashil@example.org,2577711837,Chittoor,Uttarakhand,2024-10-02
450,Neel,Garde,chaudhrypeter@example.com,+918621042752,Visakhapatnam,Sikkim,2025-10-30
451,Tarak,Sathe,virkharshil@example.com,4709006335,Kollam,Assam,2023-08-20
452,Oviya,Bala,nazarethrehaan@example.net,1312206815,Kishanganj,Rajasthan,2024-05-16
453,Sarthak,Rana,odara@example.org,+915520650637,Amritsar,Sikkim,2024-10-01
454,Jyoti,Bassi,kamdarnirja@example.com,7189241956,Thoothukudi,Goa,2026-04-08
455,Eesha,Subramaniam,nayakandrew@example.net,7683890309,Tirupati,Haryana,2025-05-22
456,Yagnesh,Buch,devankavya@example.com,03263039752,Ratlam,Rajasthan,2023-09-26
457,Oeshi,Mani,karnikgarima@example.com,+913803396852,Chennai,Assam,2025-08-28
458,Ekaraj,Hans,dhaliwalsamarth@example.org,+912983381674,Davanagere,Haryana,2025-05-15
459,Patrick,Kothari,bhavika97@example.net,+914715662776,Bhatpara,Uttarakhand,2025-08-13
460,Anmol,Raj,wchacko@example.com,8282467474,Kishanganj,Punjab,2025-08-11
461,Ekbal,Nath,upasnahayre@example.org,+910085766656,Aizawl,Rajasthan,2026-01-25
462,Ekavir,Rege,dashlekha@example.net,+913645875066,Latur,Meghalaya,2023-09-18
463,Janaki,Bala,advikashah@example.net,+914399201166,Kadapa,Gujarat,2025-05-14
464,Noah,Sane,chasmum88@example.net,09461195243,Aizawl,Andhra Pradesh,2024-04-13
465,Vyanjana,Agarwal,boaseomisha@example.net,04622522372,Hospet,Odisha,2024-06-21
466,Quincy,Iyer,goswamirehaan@example.com,07912141614,Tiruvottiyur,Andhra Pradesh,2026-01-21
467,Wahab,Sridhar,achaudhuri@example.org,00901380698,Shivpuri,Meghalaya,2024-12-31
468,Pushti,Nayar,hemal53@example.com,6690551076,Indore,Punjab,2024-02-02
469,Ati,Kothari,siya97@example.net,03050505739,Silchar,Telangana,2026-03-04
470,Finn,Pall,qsoni@example.net,+916493289802,Chandigarh,Jharkhand,2026-06-06
471,Unni,Ganguly,edalia@example.net,3332116025,Parbhani,Haryana,2024-08-30
472,Vamakshi,Dasgupta,vyanjanachana@example.net,03991566863,Rampur,Bihar,2024-10-21
473,Gagan,Choudhury,oakraghav@example.net,+919525690409,Munger,Maharashtra,2024-12-04
474,Janya,Date,hredhaanrana@example.org,7524377294,Visakhapatnam,Punjab,2024-12-05
475,Dayamai,Thakkar,mahalvanya@example.net,+917460523302,Katni,Jharkhand,2026-05-16
476,Nathaniel,Bains,bnazareth@example.net,05661844386,Mira-Bhayandar,Karnataka,2026-01-13
477,Chatura,Modi,kgade@example.org,07423330591,Gandhinagar,Maharashtra,2026-06-16
478,Om,Bhalla,parekhurvi@example.org,+911859626301,Sikar,Meghalaya,2024-11-08
479,Orinder,Prashad,shethlavanya@example.com,7501111783,Dharmavaram,Odisha,2026-01-01
480,Varsha,Mahal,gollaleena@example.com,6492151826,Singrauli,Nagaland,2025-11-06
481,Vrinda,Bhatt,johaljacob@example.org,2087510293,Chandigarh,Nagaland,2024-08-28
482,Bakhshi,Chad,toorchanchal@example.com,2603408487,Gangtok,Meghalaya,2026-07-10
483,Dhriti,Virk,yashvi31@example.net,+913032432983,Alwar,Chhattisgarh,2026-03-19
484,Pahal,Borde,abha62@example.com,01462831435,Gurgaon,Uttarakhand,2024-03-21
485,Diya,Saraf,mbal@example.org,+914181861515,Darbhanga,Chhattisgarh,2024-07-11
486,Anusha,Anne,purohittristan@example.com,+911284971859,Suryapet,Himachal Pradesh,2026-02-24
487,Hardik,Bava,eesharamachandran@example.org,08896792408,Cuttack,Chhattisgarh,2025-03-06
488,Amara,Bera,zaid96@example.net,02757844683,Chandigarh,Jharkhand,2025-04-18
489,Dhriti,Chana,bosewriddhish@example.org,+919014870682,Mehsana,Mizoram,2026-06-25
490,Jeet,Ravi,guptaabhimanyu@example.net,08538909728,Akola,Assam,2025-02-16
491,Kiaan,Varkey,charan67@example.com,+915153814474,Kakinada,Andhra Pradesh,2026-04-02
492,Meera,Kalla,yutika07@example.net,00509754510,Gaya,Madhya Pradesh,2025-01-27
493,Aditya,Chaudhuri,mswamy@example.org,8261702437,Dindigul,Jharkhand,2025-02-12
494,Priya,Gopal,ikbal77@example.org,+915605313402,Bidar,Telangana,2024-12-22
495,Azad,Dyal,varenyalata@example.org,07872568621,Jaipur,Chhattisgarh,2024-03-24
496,Hemangini,Tella,khalsacharles@example.net,06906744716,Tadipatri,Chhattisgarh,2025-09-28
497,Rachit,Krish,ishwar43@example.net,03718923923,Mira-Bhayandar,Madhya Pradesh,2023-09-24
498,Anusha,Handa,poojabadami@example.net,+911066843356,Ghaziabad,Mizoram,2025-05-20
499,Charan,Modi,luthrajanuja@example.com,06350200053,Chittoor,Himachal Pradesh,2026-02-23
500,Harrison,Sankar,zayyanswamy@example.com,04110825559,Patiala,Rajasthan,2024-09-27
501,Shivansh,Rajagopalan,cheriankalpit@example.net,9109337118,Barasat,Telangana,2025-08-01
502,Saksham,Walla,calebdatta@example.org,08485571617,Loni,Mizoram,2023-08-29
503,Ojas,Mahal,bimalabath@example.net,+913678812786,Rewa,Punjab,2024-09-20
504,Samuel,Gour,duttatejas@example.net,0878844344,Tirunelveli,Haryana,2023-10-05
505,Wazir,Manne,divanarunima@example.org,00338105955,Jamalpur,Himachal Pradesh,2024-02-19
506,Nilima,Menon,dakshesh05@example.org,4240891649,Mango,Haryana,2024-12-11
507,Amruta,Jani,cdugal@example.org,6527172722,Jehanabad,Meghalaya,2024-05-02
508,Baghyawati,Bail,nicholas26@example.net,3121637618,Ahmedabad,Punjab,2023-12-28
509,Krishna,Rajagopalan,choudharyagastya@example.net,+912314290018,Guwahati,Gujarat,2024-02-28
510,Varsha,Sawhney,damyantinarula@example.com,+913084810018,Kota,Mizoram,2025-05-02
511,Lucky,Agarwal,arjunkaran@example.com,02543617213,Ichalkaranji,Kerala,2023-11-22
512,Gauri,Dani,frado09@example.org,+916859262494,Vasai-Virar,Himachal Pradesh,2025-09-09
513,Jyoti,Lanka,agatemanthan@example.net,+915267711964,Mysore,Karnataka,2024-02-10
514,Qabil,Rajan,eiravati76@example.com,6952366878,Katihar,Nagaland,2024-07-18
515,Leena,Chacko,kvyas@example.net,3135030587,Bhubaneswar,Arunachal Pradesh,2025-01-19
516,Jalsa,Dewan,triveni28@example.com,+913302126065,Aligarh,Sikkim,2026-01-15
517,Ethan,Sood,ayushmandin@example.com,+911310962272,Nandyal,Maharashtra,2025-01-01
518,Sachi,Arya,indrajit20@example.net,+919282066784,Ambattur,Maharashtra,2024-03-26
519,Anita,Chanda,vdass@example.org,09036289177,Machilipatnam,Uttarakhand,2025-03-09
520,Nitesh,Bhagat,panini34@example.org,+911595034281,Rajpur Sonarpur,Punjab,2023-08-13
521,Dayamai,Guha,bachittarkhosla@example.com,+919909700514,Raurkela Industrial Township,Tripura,2024-10-07
522,Mitali,Tella,divyaraman@example.net,02156818209,Morena,Odisha,2023-09-23
523,Bina,Edwin,ubikabrar@example.net,+913322889857,Sonipat,Jharkhand,2025-02-05
524,Raagini,Baral,nkhare@example.net,1297102481,Bareilly,Manipur,2024-11-25
525,Omkaar,Merchant,ekanshmammen@example.net,05112747472,Jehanabad,Meghalaya,2023-09-26
526,Januja,Mangat,nrege@example.net,+917589551687,Kalyan-Dombivli,Punjab,2026-04-22
527,Dakshesh,Konda,dubeyhenry@example.com,02961367157,Deoghar,Uttarakhand,2025-07-18
528,Ikbal,Chada,hritikranganathan@example.com,+916515597371,Malda,Arunachal Pradesh,2025-11-19
529,Nachiket,Singhal,tanaynagarajan@example.net,+919605673030,Gopalpur,Himachal Pradesh,2026-04-09
530,Patrick,Chacko,ekapadmahal@example.com,+914768342016,Bihar Sharif,Goa,2024-05-30
531,Ikshita,Saini,isoman@example.net,+916596089319,North Dumdum,Sikkim,2024-11-29
532,Akshay,Dora,fdivan@example.com,+916480727910,Maheshtala,Maharashtra,2026-07-12
533,Ojas,Purohit,ijayakadakia@example.org,9055044817,Haridwar,Maharashtra,2025-01-23
534,Indira,Sandhu,ishaan27@example.com,02892866464,Chandigarh,Uttar Pradesh,2024-01-04
535,Gaurav,Babu,fchawla@example.net,8178904633,Suryapet,Madhya Pradesh,2024-01-20
536,Rohan,Singh,panchalucchal@example.com,6053844446,Kolkata,Maharashtra,2023-09-15
537,Alexander,Bal,kavyavenkataraman@example.net,5529638639,Faridabad,Uttar Pradesh,2026-01-09
538,Pushti,Dave,zghose@example.com,2631281964,North Dumdum,Gujarat,2023-12-18
539,Girik,Bal,oapte@example.net,+910981960275,Mathura,Rajasthan,2024-07-05
540,Chameli,Hari,kritikalad@example.net,+914120911791,Ajmer,Jharkhand,2024-09-05
541,Pranit,Chander,talwarjanaki@example.org,01706171366,Hospet,Uttar Pradesh,2024-04-02
542,Pranit,Misra,gokhaleazad@example.org,05799802841,Medininagar,Andhra Pradesh,2025-11-05
543,Arin,Vasa,tarakpatla@example.org,+910523124473,Karnal,Tamil Nadu,2025-11-29
544,Chaitaly,Sibal,gsarin@example.com,+914234619942,Morbi,Maharashtra,2025-06-19
545,Pallavi,Magar,hritik96@example.com,+919551720849,Durg,Punjab,2026-04-24
546,Indira,Rao,contractorpranit@example.com,02531355251,Imphal,Tamil Nadu,2023-08-12
547,Falguni,Kala,onagy@example.net,+916493831849,Chapra,Rajasthan,2025-05-12
548,Radhika,Nadkarni,rudra30@example.com,00461172959,Patiala,Odisha,2023-08-29
549,Bhavani,Badami,shenoybhavani@example.org,00880501716,Panipat,Karnataka,2025-01-14
550,Mugdha,Buch,wakeeta90@example.com,07715910300,Vasai-Virar,Karnataka,2026-06-29
551,Rajata,Kara,gauranghalder@example.net,08004010414,Pudukkottai,Uttar Pradesh,2025-03-07
552,Anamika,Garde,trivenidar@example.org,02967188397,Parbhani,Karnataka,2025-08-14
553,Upkaar,Chanda,chaman15@example.net,+913117030376,Morbi,Bihar,2025-01-05
554,Sathvik,Wable,devika72@example.net,+912356798363,Alwar,Maharashtra,2024-04-07
555,Damyanti,Chaudry,triyachhabra@example.net,+913072407875,Kochi,Nagaland,2023-12-04
556,Irya,Sankar,matthewranganathan@example.net,08507451066,Durg,Gujarat,2025-04-12
557,Patrick,Majumdar,bvenkataraman@example.org,0313100943,Katihar,Bihar,2024-09-26
558,Upkaar,Ravel,gramaswamy@example.org,4732354940,Udaipur,Mizoram,2026-07-19
559,Vansha,Mody,onkarmurty@example.net,+912257207650,Bilaspur,Assam,2024-04-17
560,Aditya,Pandey,fagarwal@example.org,01009438822,Salem,Jharkhand,2024-12-29
561,Sneha,Swaminathan,aarini74@example.com,00545897148,Siliguri,Maharashtra,2024-07-03
562,Lucky,Parikh,pbalasubramanian@example.net,6531361487,Bilaspur,Sikkim,2025-01-18
563,Garima,Raman,tmajumdar@example.org,+919859167954,Bangalore,Meghalaya,2026-06-25
564,Manan,Shukla,bimalagaba@example.com,04140703491,Unnao,Jharkhand,2023-08-03
565,Qushi,Pandey,bedizayan@example.org,04882142369,Ramagundam,Haryana,2023-09-14
566,Urvashi,Pant,libnisami@example.com,+914494296592,Chandrapur,Chhattisgarh,2025-05-03
567,Ryan,Mitra,frederick49@example.net,08266128758,Bhind,Kerala,2025-05-21
568,Unnati,Salvi,bshenoy@example.net,+916129439852,Meerut,Tripura,2025-03-27
569,Jeremiah,Rau,sherezarna@example.com,+911041591497,Ghaziabad,Bihar,2026-01-20
570,Yasti,Bera,zaitradhawan@example.net,7232440793,Jabalpur,Andhra Pradesh,2024-03-20
571,Jai,Venkatesh,kotasamarth@example.org,00876014672,Bongaigaon,Himachal Pradesh,2026-03-04
572,Reva,Dasgupta,odhingra@example.org,+912328837744,Giridih,Meghalaya,2025-02-16
573,Anvi,Raman,dchhabra@example.com,02047196094,Udupi,Manipur,2023-10-01
574,Isha,Dewan,rshanker@example.org,+915883586812,Nagercoil,Rajasthan,2025-12-17
575,Harinakshi,Sharaf,aryamitter@example.com,+917679298842,Giridih,Odisha,2025-01-17
576,Netra,Bir,balannathan@example.org,+911775331266,Ghaziabad,Punjab,2024-08-19
577,Ishwar,Barad,sathekavya@example.net,0251762983,Nizamabad,Meghalaya,2025-06-05
578,Bhavika,Kar,neelsaraf@example.net,+911901302056,Mau,Goa,2026-06-21
579,Watika,Gupta,urvitella@example.com,09821766191,Hazaribagh,Jharkhand,2023-12-30
580,Jacob,Tara,charanzachariah@example.com,+913446512418,Kadapa,Punjab,2025-09-10
581,Devika,Rastogi,choudhryurishilla@example.com,0056435023,Ghaziabad,Haryana,2025-08-31
582,Elijah,Banik,ekavir69@example.net,1872401078,Etawah,Maharashtra,2025-08-06
583,Chavvi,Kari,bhaktaatharv@example.org,9608706626,Jamalpur,Chhattisgarh,2024-01-22
584,Raksha,Dalal,indira35@example.com,+913319036890,Kulti,Uttarakhand,2023-10-23
585,Faraj,Bhandari,revagole@example.com,+915593429671,Solapur,Himachal Pradesh,2025-11-17
586,Samesh,Talwar,thomas74@example.com,4384588105,Shivpuri,Himachal Pradesh,2023-11-25
587,Samar,Devan,dalajakade@example.org,02037710704,Giridih,Madhya Pradesh,2024-11-04
588,Frado,Bhasin,leena70@example.com,07033626804,Hosur,Tripura,2025-01-17
589,Atharv,Nayar,tarak05@example.net,6601864876,Ujjain,Madhya Pradesh,2025-07-21
590,Wazir,Deo,mandanusha@example.org,+918459609454,Narasaraopet,Andhra Pradesh,2024-02-05
591,Damyanti,Nagi,praneel77@example.org,00705783609,Bally,Punjab,2025-11-29
592,Dipta,Bhatt,qgole@example.com,07232290310,Guna,West Bengal,2025-06-09
593,Edhitha,Barman,darshlad@example.com,+915809351187,Sasaram,Assam,2024-07-29
594,Samar,Nanda,ojasvi16@example.com,+910595565749,Nanded,Kerala,2023-10-04
595,Bina,Doctor,cheriansiddharth@example.com,8953690261,Rajahmundry,Odisha,2025-09-16
596,Omya,Yohannan,wablecharan@example.net,08875439435,Mirzapur,Haryana,2025-07-04
597,Divya,D’Alia,sairout@example.com,+915881579376,Jehanabad,Uttarakhand,2024-02-06
598,Yash,Reddy,abhamangat@example.com,01166829732,Kanpur,Goa,2024-01-30
599,Omya,Lall,ichaudhuri@example.org,00212886652,Proddatur,Haryana,2024-10-24
600,Jagat,Nayar,hritik01@example.net,07676472298,Saharanpur,Andhra Pradesh,2026-02-03
601,Kala,Setty,cnagi@example.org,9413475098,Baranagar,Karnataka,2025-03-14
602,Eiravati,Gokhale,benjaminkade@example.com,4995154214,Morbi,Manipur,2024-07-08
603,Omkaar,Mani,hitesh34@example.org,+913882090883,Unnao,Uttarakhand,2023-09-05
604,Kala,Jani,pooja78@example.org,04117674124,Raichur,Uttar Pradesh,2023-11-26
605,Tristan,Borde,naksh85@example.com,08150618538,Bangalore,Haryana,2024-02-24
606,Krisha,Kannan,alkasinghal@example.org,02742318306,Pallavaram,Nagaland,2026-03-02
607,Sathvik,Gokhale,sahotaadya@example.net,09357824347,Katni,Punjab,2025-01-31
608,Vasana,Merchant,kandaisaiah@example.com,07536127515,Warangal,Tripura,2025-08-16
609,Vrinda,Sabharwal,ayushmannan@example.com,3608545667,Silchar,Himachal Pradesh,2023-10-19
610,Amrita,Sunder,harinakshibath@example.com,06392831995,Mahbubnagar,Nagaland,2023-08-26
611,Ansh,Raghavan,nathira@example.net,+910835832863,Nanded,Kerala,2024-12-22
612,Odika,Kale,agastyabanik@example.org,1867024403,Visakhapatnam,Himachal Pradesh,2024-02-04
613,Krishna,Rattan,anamikachad@example.org,+918600892196,Medininagar,West Bengal,2024-11-22
614,Ekiya,Sandal,mittalanusha@example.com,+911497646136,Karawal Nagar,Jharkhand,2026-07-22
615,Yashawini,Konda,fbadal@example.net,05817390637,Morena,Odisha,2024-01-12
616,Deepa,Natarajan,fiyazchandran@example.net,+913793126978,Allahabad,Tripura,2025-08-31
617,Zayyan,Sabharwal,geetika20@example.com,9960438787,Noida,Karnataka,2025-07-12
618,Vasudha,Varkey,cheemapavani@example.net,+916202812371,Khandwa,Meghalaya,2024-04-17
619,Vidhi,Dey,arastogi@example.com,+916448595922,Nagaon,Sikkim,2024-06-08
620,Kamya,Venkataraman,urmi73@example.com,2287056227,Kolkata,Jharkhand,2026-07-20
621,Raghav,Iyengar,yogitara@example.com,+910979215835,Nellore,Himachal Pradesh,2024-10-10
622,Pooja,Mohan,neha48@example.net,3192134249,Cuttack,Uttar Pradesh,2025-10-15
623,Leela,Narayanan,urvashi32@example.org,+913192227051,Durgapur,Mizoram,2025-06-09
624,Pavani,Sodhi,chasmum81@example.org,6667548581,Rourkela,Rajasthan,2024-09-30
625,Luke,Sarkar,ssuri@example.com,1865205756,Tadepalligudem,Nagaland,2024-05-18
626,Lavanya,Prasad,advaithhayre@example.com,08309451548,Medininagar,Himachal Pradesh,2023-09-17
627,Anvi,Srinivas,sbassi@example.net,04090797727,Agra,Kerala,2023-09-09
628,Michael,Goel,fitansaini@example.org,+917051843905,Gulbarga,Odisha,2025-02-14
629,Zaitra,Atwal,qsaha@example.net,+911382412704,Dibrugarh,Maharashtra,2024-04-20
630,Aarush,Mukhopadhyay,indali15@example.com,1971112125,Gulbarga,Uttar Pradesh,2023-08-12
631,Teerth,Prasad,ubumb@example.org,03240642429,Haridwar,Haryana,2024-05-14
632,Anjali,Iyengar,chakrikalad@example.net,04175955872,Bhimavaram,Madhya Pradesh,2024-03-24
633,Shivansh,Saraf,bhavya35@example.net,8418343740,Hazaribagh,Sikkim,2026-04-02
634,Quincy,Soman,unninaidu@example.com,6905150267,Naihati,Rajasthan,2023-12-29
635,Rachit,Parmar,nicholas78@example.org,+917979966734,Ghaziabad,Karnataka,2025-08-14
636,Nandini,Mital,kauryashica@example.org,06496902824,Tezpur,Tripura,2024-02-28
637,Kalpit,Nath,chanadayamai@example.org,07627023244,Udaipur,Haryana,2024-06-06
638,Rajeshri,Chana,miteshprasad@example.org,02517863767,Jalandhar,Madhya Pradesh,2024-02-11
639,Eesha,Deol,snarain@example.net,6968157903,Noida,Kerala,2025-02-08
640,Harini,Thaker,raofaras@example.net,+912730346156,Khandwa,Chhattisgarh,2024-10-11
641,Deepa,Ram,qbanerjee@example.com,+912681715160,Imphal,Chhattisgarh,2026-01-04
642,Yashica,Rajagopalan,fapte@example.net,6604641978,Bhalswa Jahangir Pur,Tamil Nadu,2024-12-28
643,Janya,Choudhury,paniniwali@example.com,1205943897,Nashik,Manipur,2024-10-06
644,Balveer,Dara,xsharma@example.org,5465408424,Erode,Andhra Pradesh,2025-06-20
645,Ekta,Mishra,choudhuryishanvi@example.net,+918632181227,Panipat,Kerala,2025-07-07
646,Yagnesh,Viswanathan,ebaria@example.com,00291681546,Lucknow,Goa,2024-08-29
647,Fariq,Sant,handaadvika@example.com,8830597364,Bally,Mizoram,2026-06-04
648,Chakradev,Rastogi,bhavanimahajan@example.org,03062447951,Kamarhati,Andhra Pradesh,2024-12-12
649,Timothy,Bhatt,triveni96@example.net,5867805555,Saharanpur,Manipur,2025-09-09
650,Shivansh,Walia,madhavikumer@example.com,+919178513854,Satna,Manipur,2026-06-08
651,Unni,Balan,ojaspandey@example.net,06048736826,Jalandhar,Madhya Pradesh,2024-06-30
652,Siddharth,Choudhry,pranav26@example.net,05369455158,Kamarhati,West Bengal,2025-04-14
653,Warda,Shetty,shivani22@example.com,00857216966,Maheshtala,Rajasthan,2023-09-10
654,Udarsh,Devi,regearin@example.com,3297150968,Nanded,Manipur,2025-02-19
655,Wriddhish,Gill,uiyengar@example.org,01039773973,Surendranagar Dudhrej,Mizoram,2026-04-18
656,Indrajit,Narula,yashshere@example.net,+910068761648,Medininagar,Rajasthan,2025-11-02
657,Arjun,Sarna,sbhasin@example.com,0568761124,Gulbarga,Kerala,2025-04-28
658,Harinakshi,Dhar,vasudhakade@example.com,+915177345475,Rampur,Odisha,2024-09-26
659,Balendra,Dey,bhavyabal@example.org,09544294774,Warangal,Chhattisgarh,2026-02-24
660,Brinda,Rajagopalan,vedant03@example.net,02904588679,Hapur,Rajasthan,2024-03-25
661,Yachana,Murthy,kritika72@example.net,02760153433,Alwar,Punjab,2024-01-28
662,Ronith,Parikh,ksharaf@example.net,+918335061581,Begusarai,Nagaland,2025-11-08
663,Fariq,Bhalla,pvirk@example.org,02337209484,Jhansi,Telangana,2023-11-02
664,Kevin,Virk,darsh33@example.org,9771805137,Mango,Assam,2025-08-04
665,Rudra,Chaudhry,vidhimital@example.net,+919617399704,Ghaziabad,Himachal Pradesh,2025-08-30
666,Patrick,Narasimhan,svarkey@example.net,04835488471,Morbi,Andhra Pradesh,2024-12-03
667,Yashodhara,Singhal,lgade@example.org,04175823133,Orai,Jharkhand,2024-12-05
668,Urmi,Chauhan,shivansh92@example.com,+913622925879,Agartala,Haryana,2024-09-07
669,Urmi,Mitter,maanav45@example.net,05746966060,Raichur,Rajasthan,2024-02-29
670,Tanmayi,Mahal,jainsathvik@example.net,4450566588,Thrissur,Punjab,2025-09-15
671,Ria,Mahal,bordexavier@example.org,07970673499,Allahabad,Bihar,2023-10-22
672,Hema,Majumdar,raksha41@example.com,+911562294938,Bahraich,Haryana,2024-12-17
673,Abha,Wali,anthony21@example.net,5573257375,Davanagere,Sikkim,2026-07-24
674,Aashi,Kumer,deyjagdish@example.net,06670808509,Patna,Mizoram,2024-12-16
675,Vyanjana,Mandal,ekalinga19@example.org,1828197931,Bally,Manipur,2025-06-27
676,Max,Narayanan,gopalharinakshi@example.com,6069409600,North Dumdum,Maharashtra,2024-03-16
677,Aashi,Kapoor,tanvi39@example.com,9232342108,Warangal,Nagaland,2025-01-18
678,Ekapad,Narang,victor33@example.com,+916433502716,Raiganj,West Bengal,2024-06-15
679,Lajita,Bawa,zsarna@example.org,+916911289812,Jamshedpur,Meghalaya,2026-02-20
680,Ishita,Nadig,nhalder@example.org,5748170066,Salem,Kerala,2025-02-05
681,Dayita,Bhattacharyya,omital@example.net,+916704502329,Warangal,Mizoram,2024-03-24
682,Logan,Singhal,bhatshaurya@example.net,4596262282,Bharatpur,Bihar,2024-04-04
683,Ayushman,Tank,daminiraval@example.net,04950050702,Ranchi,Nagaland,2025-03-03
684,Omkaar,Dugar,auroraikshita@example.org,+916117768729,Bijapur,Meghalaya,2025-07-25
685,Aarini,Dave,jasmit91@example.com,09323822311,Ichalkaranji,Punjab,2024-01-06
686,Zaid,Kara,qasim45@example.net,09889425652,Kharagpur,Rajasthan,2023-10-09
687,Rudra,Gopal,dharbahadurjit@example.org,+916509775396,Kakinada,Manipur,2026-03-18
688,Adya,Sarraf,mammenyoshita@example.com,02457871584,Ambarnath,Maharashtra,2026-04-19
689,Atharv,Date,karantanvi@example.org,+918425476818,Sikar,Uttarakhand,2025-09-27
690,Robert,Dhar,anayissac@example.net,5892988085,Bettiah,Goa,2025-02-27
691,Nathan,Chaudhry,upkaardoshi@example.net,6340646867,Pondicherry,Chhattisgarh,2024-11-04
692,Aadi,Borde,devika39@example.net,+910622723626,Gudivada,Gujarat,2024-08-16
693,Inaya,Bobal,anyadey@example.com,+919237245018,Loni,Bihar,2026-03-29
694,Urishilla,Kata,hmisra@example.net,9721540641,Purnia,Odisha,2024-04-13
695,Vidhi,Manne,harshilchakrabarti@example.net,9537660144,Danapur,Karnataka,2025-05-08
696,Zayan,Parikh,aryaharrison@example.net,03973964178,Medininagar,Mizoram,2026-05-29
697,Lavanya,Basak,chaudharigirish@example.org,+915996605779,Silchar,Uttarakhand,2026-03-28
698,Rachana,Bal,pratyushbajwa@example.net,01460745553,Amroha,Uttar Pradesh,2023-10-09
699,Ekta,Shanker,naveen38@example.net,5652715598,Ratlam,Uttarakhand,2024-11-13
700,Harrison,Chana,nmunshi@example.com,2634755752,North Dumdum,Andhra Pradesh,2024-01-16
701,Ranveer,Mukherjee,pranav69@example.net,+913119642585,Guntur,Madhya Pradesh,2024-01-03
702,Chaaya,Butala,umang70@example.org,2407333373,Ahmedabad,Jharkhand,2024-08-08
703,Ansh,Subramanian,jsachdeva@example.net,3628969645,Chinsurah,Kerala,2025-02-12
704,Wahab,Nagarajan,faraj25@example.net,+918921878519,Karnal,Tamil Nadu,2026-07-21
705,Udarsh,Shroff,chatresh79@example.com,09612087805,Siliguri,Assam,2026-06-20
706,Irya,Bhattacharyya,zayyan09@example.com,02637484539,Asansol,Tripura,2025-11-11
707,Divya,Ahuja,parmarjagdish@example.org,1862339220,Jamshedpur,Karnataka,2023-12-12
708,Girindra,Raval,yreddy@example.net,02521452647,Udaipur,Himachal Pradesh,2025-04-10
709,Sai,Karan,finn57@example.org,4090805120,Kolkata,Karnataka,2025-03-15
710,Damini,Bala,ekaraj23@example.net,7283512959,Gandhidham,Tamil Nadu,2024-04-27
711,Yashica,Dixit,nbalasubramanian@example.org,1441529821,Nellore,Punjab,2024-03-24
712,Geetika,Sha,hsem@example.net,1535237360,Allahabad,Meghalaya,2026-05-16
713,Hardik,Venkatesh,nagimeera@example.net,3452734666,Gwalior,Meghalaya,2023-09-02
714,Vyanjana,Chawla,veda96@example.com,04080314998,Satara,Telangana,2023-10-09
715,Ayaan,Batta,lekha35@example.net,+916882850317,Korba,Tamil Nadu,2024-12-05
716,Elijah,Jani,kjhaveri@example.net,0063140352,Ambattur,Kerala,2025-04-11
717,Chaitanya,Dugal,yatinkuruvilla@example.com,9434606664,Morbi,Himachal Pradesh,2026-02-13
718,Advaith,Rana,senkabir@example.net,3111271285,Bardhaman,Sikkim,2026-07-10
719,Mitali,Mane,bhavani94@example.org,+916318732807,Moradabad,Bihar,2024-07-16
720,Baljiwan,Rama,fiyazbir@example.org,09572790833,Varanasi,Odisha,2023-08-18
721,Michael,Om,parth57@example.org,0662481323,Bahraich,Andhra Pradesh,2025-06-10
722,Ekaraj,Korpal,naveen28@example.com,+911168809255,Asansol,Bihar,2026-06-24
723,Vivaan,Ahuja,kaggarwal@example.org,09130981079,Ichalkaranji,Sikkim,2026-03-09
724,Lila,Sengupta,vrittikrishna@example.com,7727853242,Bardhaman,Goa,2025-02-17
725,Ansh,Sankaran,maanas07@example.com,8362536667,Raiganj,Madhya Pradesh,2025-07-16
726,Januja,Nazareth,mohini28@example.org,+913393957865,Kakinada,Madhya Pradesh,2024-03-02
727,Upma,Chopra,xmital@example.net,00335826862,Nagpur,Tamil Nadu,2024-06-11
728,Libni,Gera,nachiket69@example.org,+916573275998,Jalandhar,Uttar Pradesh,2023-11-05
729,Frederick,Bail,beragarima@example.org,05323415959,Fatehpur,Karnataka,2026-07-24
730,Parth,Mann,harrison82@example.org,+916189628874,Raipur,Sikkim,2024-03-10
731,Sai,Chatterjee,deshmukhlakshmi@example.com,07209579927,Pallavaram,Sikkim,2025-12-23
732,Hemangini,Nori,pingleekapad@example.org,+919462135415,Pune,Punjab,2026-01-29
733,Omisha,Gara,zayyan38@example.com,0752034476,Thane,Himachal Pradesh,2026-05-12
734,Tara,Buch,azad29@example.org,9046376604,Thanjavur,Kerala,2025-09-30
735,Panini,Ray,kevin54@example.net,+917441715810,Aligarh,Haryana,2023-11-19
736,Peter,Prakash,dubewarjas@example.org,+910059129751,Pimpri-Chinchwad,Tamil Nadu,2024-02-27
737,Ryan,Bumb,gavinchand@example.org,03301658373,Mahbubnagar,Tamil Nadu,2024-05-11
738,Upasna,Mani,savantqasim@example.net,+911234289311,Gaya,West Bengal,2024-12-07
739,Vedant,Gaba,mminhas@example.com,4364538044,Amritsar,Arunachal Pradesh,2023-11-01
740,Wakeeta,Padmanabhan,sanifariq@example.net,7015959194,Hospet,Kerala,2025-08-11
741,Kamala,Tata,vrinda58@example.net,+913920567756,Madhyamgram,Manipur,2024-03-20
742,Lucky,Rajan,ibakshi@example.com,02650622923,Pune,Madhya Pradesh,2025-07-29
743,Mason,Madan,rudra07@example.com,+914843379766,Morbi,Sikkim,2023-10-27
744,Ira,Cherian,naikvansha@example.net,02387367042,Bijapur,Sikkim,2026-03-13
745,Pushti,Dara,baghyawatiom@example.net,02597107563,Khammam,Tamil Nadu,2024-07-23
746,Dhriti,Soni,harini95@example.net,+912593993379,Surat,Karnataka,2025-09-27
747,Girish,Rajagopalan,ekantabumb@example.net,07941763425,Bhalswa Jahangir Pur,Haryana,2024-07-07
748,Aarush,Narang,vasudha82@example.com,07598339914,Jammu,Mizoram,2025-09-17
749,Barkha,Kothari,ssampath@example.org,04324006157,Amroha,Rajasthan,2025-03-11
750,Naksh,Sawhney,hritik47@example.com,+919742925010,Suryapet,Meghalaya,2025-02-18
751,Lucky,Murty,obal@example.com,5625904599,Sasaram,Arunachal Pradesh,2024-02-16
752,Watika,Bhatt,deymax@example.org,2315551651,Rewa,Nagaland,2023-10-31
753,Omaja,Randhawa,gauravjohal@example.com,+911433080037,Kalyan-Dombivli,Haryana,2024-07-22
754,Michael,Devan,ekantika66@example.org,4706810390,Berhampur,Odisha,2025-08-28
755,Abhimanyu,Palla,pillaiyashodhara@example.org,03280944858,Kozhikode,Uttarakhand,2024-06-04
756,Aahana,Natt,etalad@example.com,+914707986321,Munger,Uttar Pradesh,2024-01-08
757,Samesh,Iyengar,tanish94@example.com,00394380403,Thoothukudi,Gujarat,2025-09-10
758,Lipika,Narang,mraman@example.org,07894319100,Hyderabad,Himachal Pradesh,2023-07-27
759,Chavvi,Saxena,gdutta@example.org,03365146040,Barasat,Chhattisgarh,2024-09-07
760,Tanmayi,Jayaraman,balasubramanianvamakshi@example.org,+911137984409,Rajkot,Telangana,2026-07-05
761,Michael,Kale,raokrishna@example.org,+917676209014,Nangloi Jat,Gujarat,2024-09-14
762,Arjun,Magar,wahabsem@example.org,0968730451,Sirsa,Uttarakhand,2025-07-29
763,Nihal,Prakash,madhav55@example.com,+919657542786,Bhiwani,Assam,2026-02-16
764,Zehaan,Devan,jagrati77@example.net,2058295829,Tiruppur,Uttarakhand,2026-07-07
765,Meghana,Bumb,gchoudhury@example.net,+918190482357,Anantapur,Telangana,2025-02-25
766,Megha,Virk,kkanda@example.com,6137230817,Madurai,Tamil Nadu,2024-11-14
767,Wyatt,Ravi,shaurya81@example.org,+910041321147,Bhusawal,Kerala,2026-05-19
768,Neha,Anne,hemal65@example.org,06997990707,Etawah,Andhra Pradesh,2024-08-27
769,Urvashi,Rajagopal,samiindali@example.net,00607174811,Bareilly,Manipur,2025-03-08
770,Geetika,Khurana,ubanerjee@example.com,7396102908,Coimbatore,Mizoram,2024-05-03
771,Ubika,Maharaj,pwason@example.net,+914918727420,Ghaziabad,Karnataka,2025-05-19
772,Imaran,Dubey,issacvasatika@example.com,+910626042359,Berhampur,Tamil Nadu,2025-06-16
773,Jack,Chaudhuri,liamdeo@example.net,9077560858,Gurgaon,Meghalaya,2023-09-17
774,Arya,Sarin,ebhavsar@example.org,05768321021,Thiruvananthapuram,Manipur,2026-05-17
775,Kashvi,Lall,ybhavsar@example.net,+919618033242,Hyderabad,Kerala,2023-10-28
776,Yashvi,Arora,vohraamaira@example.net,0425373377,Kakinada,Bihar,2024-04-19
777,Lipika,Bobal,joshuauppal@example.org,+917819236534,Allahabad,Tripura,2025-05-27
778,Brijesh,Nagi,mbala@example.net,5679327986,New Delhi,Punjab,2025-10-13
779,Bhavna,Tank,santazaan@example.com,+918120546475,Jorhat,Punjab,2024-12-16
780,Darika,Singhal,wraju@example.net,8999275175,Chandrapur,Rajasthan,2024-09-15
781,Anika,Mani,dhritinaik@example.org,3543586449,Maheshtala,Tripura,2026-03-05
782,Liam,Merchant,janakinagi@example.org,09821433952,Dindigul,Haryana,2025-03-26
783,Veda,Madan,vyogi@example.org,09141686013,Shimla,Manipur,2025-11-28
784,Aradhana,Vaidya,rissac@example.org,07917665122,Mirzapur,Tripura,2023-10-19
785,Benjamin,Boase,hritik88@example.com,+911630900159,Anantapuram,Maharashtra,2024-08-03
786,Vihaan,Kannan,irya32@example.org,9532638902,Aurangabad,Telangana,2026-03-07
787,Anamika,Sunder,chandranyatin@example.com,+913792234103,Raebareli,Odisha,2026-02-12
788,Libni,Sehgal,vincentchaudhry@example.org,07726960843,Junagadh,Uttar Pradesh,2025-10-17
789,Hema,Nagy,tatayashica@example.net,07935219626,Bellary,Karnataka,2025-01-25
790,Nidhi,Mahal,binakashyap@example.com,7093170695,Eluru,Andhra Pradesh,2025-08-27
791,Rajata,Sehgal,bchakraborty@example.com,03454722398,Vadodara,Madhya Pradesh,2025-02-12
792,Chanakya,Karnik,duttgeorge@example.net,8041847242,Alwar,West Bengal,2024-05-10
793,Veer,Rout,ojas81@example.org,+919092487623,Thiruvananthapuram,Punjab,2023-11-23
794,Ekalinga,Chaudhuri,praneel81@example.com,5228230524,Orai,Mizoram,2023-10-23
795,Meera,Deshmukh,chanakyasingh@example.org,+913959473721,Nanded,Rajasthan,2026-02-22
796,Brijesh,Bhavsar,adeshpande@example.com,08768868785,Chandrapur,Mizoram,2025-04-20
797,Ojas,Thakur,zdate@example.org,+911954196664,Nagpur,Karnataka,2025-08-21
798,Rushil,Babu,radhikadin@example.com,2463203747,Kirari Suleman Nagar,Tamil Nadu,2025-07-18
799,Kamya,Jayaraman,ade@example.org,+912145057661,Raichur,Uttarakhand,2025-09-30
800,Vansha,Baria,wbir@example.com,+914820128400,Saharsa,Kerala,2023-09-02
801,Saumya,Raval,triveni59@example.com,05089177680,Jamnagar,Uttarakhand,2025-03-05
802,Ganga,Sarraf,maanas23@example.org,6463004023,Jehanabad,Gujarat,2025-05-05
803,Max,Sane,shivansh01@example.org,+914713727117,Tadepalligudem,Telangana,2025-02-24
804,Upasna,Kuruvilla,eta82@example.net,9849330674,Danapur,Jharkhand,2025-09-08
805,Nidhi,Behl,aarini12@example.net,+913372188566,Tezpur,Karnataka,2024-11-02
806,Finn,Kibe,vasanabhatti@example.com,+916662670551,Noida,Meghalaya,2025-08-29
807,Meghana,Kala,psani@example.com,+919252959611,Gwalior,Uttar Pradesh,2023-08-09
808,Mason,Zachariah,ftailor@example.net,2007202455,Thane,Goa,2024-11-19
809,Ganga,Chaudhry,butalabalveer@example.net,+913267149498,Pudukkottai,Jharkhand,2024-02-27
810,Dhruv,Shere,nakul81@example.com,3406527758,Durg,Rajasthan,2025-04-10
811,Omya,Keer,eta33@example.com,+912010912172,Srinagar,Jharkhand,2024-12-24
812,Ekaja,Khare,asaran@example.org,8943705263,Amritsar,Arunachal Pradesh,2023-09-13
813,Zayyan,Ramachandran,widishasheth@example.net,05725659202,Vijayanagaram,Assam,2025-08-21
814,Gaurika,Divan,deywriddhish@example.net,7432600559,Naihati,Andhra Pradesh,2024-01-05
815,Vasudha,Thaker,siddharthdivan@example.com,8486899936,Malda,Telangana,2026-01-30
816,Bina,Yohannan,sbasu@example.com,+916917679935,Hospet,Himachal Pradesh,2024-11-04
817,Balvan,Karnik,megha40@example.net,+910373606014,Pune,Mizoram,2026-04-16
818,Damini,Behl,ikala@example.net,4136852830,Vijayawada,Karnataka,2026-04-26
819,Yatan,Srinivasan,chaudharykai@example.net,4244626325,Tumkur,Jharkhand,2025-11-15
820,Ekapad,Bose,jairajaggarwal@example.org,+914217518878,Ongole,Sikkim,2026-03-07
821,Arunima,Chacko,george52@example.com,+918409112252,Nangloi Jat,Tripura,2026-04-03
822,Indali,Balan,lopa61@example.net,03239791378,Munger,Karnataka,2026-04-20
823,Jyoti,Issac,bansalsneha@example.org,+919505560571,Jalandhar,Punjab,2025-10-12
824,Jackson,Deshpande,jtalwar@example.net,5190534864,Aligarh,Arunachal Pradesh,2024-11-04
825,Laksh,Kuruvilla,rdua@example.com,01851744600,Khammam,Goa,2023-12-18
826,Laksh,Vohra,patilishaan@example.org,05512939130,Bijapur,Uttarakhand,2025-11-27
827,Fariq,Mishra,harish60@example.com,01540211901,Kalyan-Dombivli,Meghalaya,2025-02-06
828,Nidra,Chhabra,nathan98@example.org,+915229107322,Vellore,Andhra Pradesh,2026-06-19
829,Anjali,Guha,dkhanna@example.com,+919638452696,Agartala,Haryana,2026-03-10
830,Jeet,Salvi,widisha01@example.com,3429291320,Kulti,Telangana,2023-10-07
831,Ekbal,Rana,tejasmalhotra@example.org,0310615372,Amravati,West Bengal,2025-02-18
832,Ekta,Roy,rvenkataraman@example.com,03236533774,Dhanbad,Himachal Pradesh,2023-07-31
833,Rachita,Sheth,darshbhasin@example.net,08436142442,Kanpur,Meghalaya,2025-10-26
834,Dhruv,Sha,chavvi37@example.org,4764273720,Shivpuri,Madhya Pradesh,2024-07-01
835,Yashodhara,Dhillon,loyalkamala@example.net,01484601913,Nizamabad,Uttar Pradesh,2024-08-09
836,Qadim,Taneja,dixitanmol@example.com,8695073214,Chandrapur,Tamil Nadu,2024-09-21
837,Ryan,Ratti,gopal67@example.net,+913505573857,Chinsurah,Nagaland,2023-08-21
838,Faraj,Chauhan,vihaanroy@example.org,+917681187233,Uluberia,Bihar,2023-09-21
839,Aahana,Apte,rdara@example.net,7315391149,Varanasi,Meghalaya,2026-07-01
840,Aradhana,Ganesh,suritarak@example.com,01189394065,Bidhannagar,Nagaland,2026-07-12
841,Nitesh,Bala,bailanvi@example.org,+912302333247,Hospet,Haryana,2026-03-14
842,Krish,Balay,jayaramanjeevika@example.net,06212760250,Bidar,Bihar,2023-12-05
843,Nakul,Kakar,dubeojasvi@example.org,03248889957,Hindupur,Nagaland,2026-05-18
844,Tanveer,Sen,ngera@example.com,05493036468,Mysore,West Bengal,2026-01-15
845,Jack,Date,karpeisaiah@example.net,06920828323,Danapur,West Bengal,2026-02-23
846,Ethan,Khurana,norigirik@example.com,05822067323,Kadapa,Chhattisgarh,2026-03-23
847,Riya,Bora,vbuch@example.com,02450000001,Dehradun,Tripura,2026-04-11
848,Finn,Butala,vasanachaudhari@example.com,5090255618,Jalna,Himachal Pradesh,2024-03-30
849,Frederick,Divan,fmani@example.net,+912248905670,Bhind,Andhra Pradesh,2023-10-03
850,Chandran,Agate,yatan65@example.net,01584826691,Haridwar,Chhattisgarh,2024-09-17
851,Yasti,Kari,kala05@example.com,+919608070633,Madanapalle,West Bengal,2026-03-07
852,Triveni,Pant,voraqasim@example.org,+910401648188,Bhilwara,Rajasthan,2024-08-31
853,Peter,Som,hkothari@example.org,03816432126,Tirunelveli,Mizoram,2025-12-30
854,Damyanti,Reddy,nathan03@example.com,2586314417,Pali,Jharkhand,2026-04-03
855,Madhavi,Dugar,kashvi40@example.org,03558243017,Aizawl,Maharashtra,2024-10-03
856,Bina,Varghese,karaikbal@example.com,+918882452790,Agra,Jharkhand,2026-06-27
857,Dakshesh,Manne,samarthkalita@example.org,03849516321,Bareilly,Tamil Nadu,2026-02-12
858,Suhani,Vora,idasgupta@example.org,3391373265,Thane,Maharashtra,2023-09-18
859,Faraj,Chacko,ynarang@example.org,08688002300,Thanjavur,Tripura,2025-05-01
860,Isaac,Datta,kondakrishna@example.com,07449160936,Phagwara,Uttar Pradesh,2025-01-14
861,Krish,Bhardwaj,mukhopadhyayekavir@example.org,9418433687,Indore,Odisha,2024-02-28
862,Nikita,Hayer,nakulkale@example.net,8213745561,Rohtak,Arunachal Pradesh,2026-07-11
863,Chaitaly,De,xbasak@example.net,+915376660811,Purnia,Tripura,2023-08-23
864,Brijesh,Hans,venkateshsamar@example.com,06910627153,Akola,Tripura,2024-06-30
865,Aachal,Oak,charles68@example.net,+916917768293,Ramagundam,Telangana,2023-09-27
866,Jack,Khurana,abdul87@example.org,04378826033,Srikakulam,Telangana,2024-02-04
867,Chatresh,Chaudry,siya09@example.org,5991449207,Ballia,Uttar Pradesh,2024-04-09
868,Neha,Salvi,jminhas@example.net,9718428596,Siliguri,Karnataka,2025-12-21
869,Harshil,Menon,telladayita@example.net,3231234266,Vellore,Punjab,2026-07-17
870,Arin,Solanki,mitalidalal@example.com,00723483893,Madanapalle,Kerala,2026-05-02
871,Yagnesh,Venkatesh,anaymane@example.org,06129965082,Gudivada,Tripura,2025-02-03
872,Manan,Saraf,girik86@example.net,05613087612,Dehri,Karnataka,2025-12-30
873,Gayathri,Dara,rehaan46@example.net,+913948400273,Chennai,Sikkim,2025-10-02
874,Radha,Raman,dbhatnagar@example.org,08311395001,Dehri,Arunachal Pradesh,2026-03-03
875,Arya,Buch,elijah50@example.com,02839762053,Gopalpur,Andhra Pradesh,2025-09-03
876,Ridhi,Savant,mahika20@example.net,02662925081,Bhalswa Jahangir Pur,Madhya Pradesh,2023-10-09
877,Naveen,Bhavsar,arin68@example.net,4133373125,Tirunelveli,Gujarat,2025-01-12
878,Nandini,Chopra,dbuch@example.org,+912119206136,Anand,Sikkim,2024-12-01
879,Kevin,Sibal,ypai@example.org,+913718444902,Nashik,Chhattisgarh,2025-04-01
880,Chaitaly,Uppal,chandraraagini@example.com,00373416781,Madhyamgram,Telangana,2025-09-10
881,Yochana,Garde,falanatwal@example.org,1798213486,Chapra,Nagaland,2025-01-05
882,Vyanjana,Sarma,poojakata@example.net,+911828560539,Lucknow,Meghalaya,2026-07-22
883,Priya,Rau,settyvanya@example.net,+916736820506,Guwahati,Sikkim,2024-04-17
884,Pranit,Kapur,falak21@example.com,5058714692,Nagaon,Rajasthan,2024-04-22
885,Elijah,Dewan,mitali79@example.org,9843699848,Kozhikode,Chhattisgarh,2023-09-23
886,Ganga,Bandi,rachitakrishna@example.net,02495988114,Bidhannagar,Rajasthan,2025-11-20
887,Yashica,Shankar,sastrygavin@example.com,+913867673820,Panipat,Madhya Pradesh,2023-11-25
888,Devansh,Shenoy,fwali@example.com,2996872258,Kumbakonam,Telangana,2023-09-24
889,Eesha,Viswanathan,rastogiquincy@example.net,3504056695,Jehanabad,Arunachal Pradesh,2023-09-12
890,Jeet,Ganesh,patrick55@example.com,02867963259,Gaya,Rajasthan,2024-08-13
891,Kiaan,Walia,mahika33@example.net,1562415285,Mangalore,Karnataka,2025-03-22
892,Oliver,Garg,skant@example.org,08951381865,Indore,Rajasthan,2025-08-25
893,Zilmil,Lall,bnair@example.net,07443034918,Gorakhpur,Meghalaya,2026-02-11
894,Veda,Gala,issacgauri@example.net,+914015364154,Moradabad,Karnataka,2024-12-17
895,Samaksh,Chhabra,oscarpau@example.net,+916781367500,Jalgaon,Tamil Nadu,2026-04-21
896,Ikbal,Mander,banikirya@example.org,06981987809,Morena,Andhra Pradesh,2024-09-21
897,Jalsa,Dayal,yoshitavyas@example.net,06225866059,Hospet,Nagaland,2025-06-12
898,Ati,Misra,lakshittailor@example.net,08548596559,Mangalore,Mizoram,2024-02-12
899,Daksha,Dani,sanghagaurangi@example.org,+910002453931,Mira-Bhayandar,Rajasthan,2024-01-22
900,Eshana,Nadig,joshiabdul@example.com,07083682144,Saharsa,Mizoram,2026-03-11
901,Leela,Raju,fdhawan@example.net,+916774620258,Arrah,Jharkhand,2024-06-15
902,Ekaraj,Vora,oscarcherian@example.net,+913123920491,Burhanpur,Telangana,2023-08-08
903,Gautam,Venkatesh,ojasvilala@example.com,+913875082768,Sirsa,Goa,2024-05-02
904,Inaya,Srinivasan,qnagi@example.net,08472629052,Sasaram,Uttarakhand,2026-06-01
905,Sudiksha,Raja,harshramanathan@example.org,2717217337,Buxar,Rajasthan,2026-01-16
906,Quincy,Balakrishnan,qabil22@example.net,9362165914,Begusarai,Nagaland,2024-03-06
907,Warjas,Ganesan,januja39@example.net,+915844617773,Singrauli,Jharkhand,2024-08-13
908,Anmol,Natarajan,zehaan97@example.net,1279970292,Coimbatore,Goa,2023-10-21
909,Garima,Koshy,fvyas@example.net,+913752988322,Navi Mumbai,Chhattisgarh,2025-02-11
910,Mekhala,Bhagat,oscarbarad@example.org,08797888975,Serampore,Sikkim,2025-10-02
911,Ishanvi,Goyal,meerabhat@example.org,+910443619951,Jabalpur,Kerala,2024-04-05
912,Shivansh,Chander,dixitoliver@example.net,5014374830,Kolkata,Odisha,2025-05-02
913,Upma,Butala,xalakchander@example.net,+912602213217,Kirari Suleman Nagar,Tripura,2026-05-17
914,Liam,Bera,chakrabortyjack@example.org,06122019072,Dehri,Tripura,2025-06-05
915,Yuvraj,Hora,balhaarmemon@example.net,+916653802748,Jalgaon,Tripura,2024-10-07
916,Patrick,Chaudhry,manearin@example.net,6825095229,Gandhinagar,Chhattisgarh,2023-08-22
917,Rishi,Peri,lajita10@example.org,9952970137,Ajmer,Himachal Pradesh,2024-05-18
918,Panini,Parmer,jeevika64@example.org,+910412027061,Srikakulam,Goa,2025-08-09
919,Vihaan,Talwar,darpan29@example.net,+917166906322,Bettiah,Rajasthan,2024-01-09
920,Hema,Nagarajan,nathan03@example.net,4030109567,Arrah,Maharashtra,2024-11-16
921,Dhruv,Prabhakar,xpall@example.com,02347124760,Varanasi,Nagaland,2023-10-27
922,Jagat,Varkey,baradsarthak@example.org,6831764172,Hazaribagh,Arunachal Pradesh,2025-11-18
923,Agastya,Varughese,perisara@example.org,+919015071380,Bidhannagar,Bihar,2024-08-12
924,Chatura,Shere,gaurangibuch@example.org,05847436213,Pune,Odisha,2025-06-01
925,Qabil,Palla,sanya66@example.net,07031805339,Sangli-Miraj & Kupwad,Uttarakhand,2025-06-08
926,Aachal,Sarkar,jsarkar@example.org,09183270004,Vijayanagaram,Maharashtra,2023-12-29
927,Deepa,Narayanan,birjackson@example.org,09771400493,Phusro,Tripura,2026-07-18
928,Anamika,Aggarwal,zaid15@example.org,+914998094976,Rajahmundry,Rajasthan,2023-11-05
929,Rushil,Sheth,adara@example.com,8416612374,Shivpuri,Meghalaya,2025-12-30
930,Amaira,Kothari,owennaidu@example.com,+913899499197,Jabalpur,Tamil Nadu,2024-09-09
931,Noah,Sankar,atharvkala@example.com,+918782116020,Bareilly,West Bengal,2025-11-20
932,Fiyaz,Keer,yochana98@example.net,02117088948,Madurai,Nagaland,2025-04-06
933,Abha,Modi,naveendara@example.com,08839785708,Ghaziabad,Uttar Pradesh,2023-09-04
934,Aashi,Zachariah,sahotaurvi@example.com,01236914961,Sangli-Miraj & Kupwad,Mizoram,2025-09-10
935,Anamika,Gandhi,jthaman@example.com,6970409531,Hubli–Dharwad,Uttar Pradesh,2026-01-14
936,Pallavi,Chowdhury,prisha07@example.net,3274883565,Jaunpur,Odisha,2026-05-15
937,Mitali,Gopal,chakradev96@example.net,4966834960,Bidhannagar,Mizoram,2024-11-23
938,Max,Bhattacharyya,japte@example.net,01622593648,Mumbai,Mizoram,2026-01-03
939,Tristan,Lata,swalia@example.net,+919062467287,Khandwa,Andhra Pradesh,2026-03-21
940,Dev,Chakraborty,ethan31@example.net,3592361337,Mumbai,Karnataka,2024-05-11
941,Yuvraj,Bassi,ekani88@example.org,05025447241,Haldia,Karnataka,2026-05-02
942,Azad,Hans,anusha09@example.com,01771824989,Bongaigaon,Nagaland,2023-07-31
943,Nandini,Shenoy,gunbirmagar@example.org,04681359266,Bongaigaon,Maharashtra,2026-03-10
944,Yuvraj,Randhawa,gmuni@example.com,4155945011,Khora ,Sikkim,2024-05-02
945,Dalbir,Sridhar,yatin60@example.com,+911716039886,Bidar,Karnataka,2024-08-16
946,Nirja,Dass,varmaabha@example.com,09067000994,Bihar Sharif,Mizoram,2026-01-13
947,Zashil,Gola,memonkrisha@example.com,4896676056,Nanded,Andhra Pradesh,2024-11-20
948,Divya,Sampath,vrishti75@example.net,+919745338906,Latur,West Bengal,2025-02-20
949,Aarna,Ravel,ode@example.org,05401659953,Bangalore,Tamil Nadu,2026-06-09
950,Pavani,Dyal,jagatgill@example.org,02767746259,Pali,Andhra Pradesh,2024-01-04
951,Farhan,Goel,harish15@example.net,08860080179,Ongole,Tamil Nadu,2025-09-02
952,Joshua,Hayre,ghoseishita@example.com,+914726426121,Meerut,Gujarat,2025-10-25
953,Zayan,Karnik,ooommen@example.com,09680785254,Tirupati,Chhattisgarh,2024-02-03
954,Viraj,Thakur,zehaan54@example.org,+916445475231,Kolhapur,Gujarat,2024-03-22
955,Sara,Mangal,cchad@example.com,03342720388,Gulbarga,Uttarakhand,2023-11-17
956,Vaishnavi,Pandya,bhatekalinga@example.net,03045306935,Shimoga,Punjab,2024-07-17
957,Ganga,Karpe,advik01@example.net,+916778481652,Rohtak,Himachal Pradesh,2026-06-01
958,Jagvi,Lal,prisha08@example.org,5179937810,New Delhi,Rajasthan,2026-02-06
959,Jatin,Din,gthakkar@example.net,08699969882,Farrukhabad,Karnataka,2025-08-12
960,Kiaan,Srinivas,mahalshivani@example.net,+914630198642,Mira-Bhayandar,Gujarat,2025-12-07
961,Upkaar,Sengupta,warinderkhanna@example.net,+912187062932,Gangtok,Nagaland,2024-06-20
962,Oliver,Dhingra,basujackson@example.org,+913200186766,Ranchi,Andhra Pradesh,2025-09-23
963,Vasana,Raju,aptefiyaz@example.com,+915614038453,Giridih,Mizoram,2023-10-08
964,Vasudha,Majumdar,mdevi@example.com,06951003076,Delhi,Kerala,2024-10-02
965,Forum,Raghavan,vborde@example.org,0666641106,Dewas,West Bengal,2023-12-08
966,Gautam,Kar,aarav78@example.com,+916994970890,Kishanganj,Tripura,2024-05-24
967,Qushi,Saini,chaitalydhaliwal@example.com,9996269708,Panvel,Maharashtra,2025-12-09
968,Zinal,Dani,rwadhwa@example.net,7915059625,Solapur,Odisha,2025-07-01
969,Krishna,Bajaj,jonathanbains@example.org,+916578982604,Begusarai,West Bengal,2023-08-05
970,Jyoti,Dewan,shenoyjalsa@example.com,5177741274,Madanapalle,Goa,2023-11-19
971,Gopal,Dhillon,george99@example.com,+916422297589,Hospet,Arunachal Pradesh,2024-09-09
972,Jeevika,Lata,henrypal@example.net,05705682092,Ambarnath,Meghalaya,2023-07-27
973,Andrew,Bawa,rastogitheodore@example.net,06407232472,Karaikudi,Punjab,2024-12-17
974,Ati,Ahluwalia,chakrabortyvedika@example.net,8224731261,Hosur,Uttar Pradesh,2025-02-25
975,Abeer,Subramaniam,bhargavaindali@example.net,0119509271,Satna,Goa,2025-05-20
976,Faris,Bassi,utkarsh70@example.net,+913007169500,Bardhaman,Tamil Nadu,2026-05-07
977,Gabriel,Thaman,falak43@example.net,+919876989365,Hindupur,Himachal Pradesh,2024-10-02
978,Urmi,D’Alia,nchakrabarti@example.net,2734813104,Ranchi,Chhattisgarh,2025-01-23
979,Neha,Kapadia,ekapadsidhu@example.com,+915748352680,Darbhanga,Nagaland,2025-06-02
980,Balvan,Sanghvi,lhari@example.net,+914488384253,Bihar Sharif,Madhya Pradesh,2024-02-26
981,Champak,Narayanan,chatresh77@example.com,0657955156,Tiruppur,Odisha,2024-05-05
982,Aditya,Bandi,ekta10@example.com,4091311178,Bareilly,Punjab,2026-06-27
983,Anirudh,Dhar,chakrika76@example.org,2206953541,Mumbai,Assam,2026-05-27
984,Krishna,Gopal,ymurthy@example.net,00026015153,Sri Ganganagar,Uttar Pradesh,2026-05-09
985,Aashi,Sarraf,azad74@example.org,01732798059,Bhopal,Haryana,2026-05-27
986,Dominic,Bava,ramaswamybhavna@example.net,3403910452,Kakinada,Maharashtra,2023-10-05
987,Yashawini,Mane,boracharita@example.net,1359928553,Tezpur,Karnataka,2024-03-10
988,Chakradev,Pathak,cbobal@example.org,07990069680,Bongaigaon,Madhya Pradesh,2025-06-08
989,Vansha,Lall,khuranavarenya@example.net,02339449530,Singrauli,Meghalaya,2025-07-08
990,Krishna,Dugar,falak03@example.org,5017365426,Baranagar,Bihar,2025-07-09
991,Aachal,Gour,grovermason@example.org,+914511009060,Sambalpur,Andhra Pradesh,2026-04-11
992,Odika,Uppal,xavier02@example.org,+916673290457,Phusro,Nagaland,2025-11-16
993,Shravya,Naik,gagangarg@example.net,9642603362,Ajmer,Manipur,2025-02-20
994,Irya,Verma,faraskumer@example.com,00920711523,Bokaro,Gujarat,2025-05-27
995,Om,Chaudhary,ekanshpandit@example.net,+918970591611,Rajpur Sonarpur,Nagaland,2025-02-22
996,Gaurangi,Bumb,ubika72@example.net,1688005378,Jabalpur,Nagaland,2025-03-01
997,Mohammed,Trivedi,zgera@example.net,05401822720,Belgaum,Nagaland,2024-06-23
998,Chaitaly,Yadav,veerdeshmukh@example.net,+910414474328,Amritsar,Maharashtra,2025-02-05
999,Rohan,Anne,agastyadatta@example.org,3042322775,Kota,Haryana,2025-02-25
1000,Rishi,Barman,yahvichander@example.com,00646300593,Sirsa,Manipur,2025-01-29
